name,Region,Zone
GEN_111000_UBDCPH-1_132_1,PUNJAB,NR
GEN_111000_UBDCPH-1_132_2,PUNJAB,NR
GEN_111009_MUKERIAN-4_132_1,PUNJAB,NR
GEN_111009_MUKERIAN-4_132_2,PUNJAB,NR
GEN_111009_MUKERIAN-4_132_3,PUNJAB,NR
GEN_111017_MUKERI-3_132_1,PUNJAB,NR
GEN_111017_MUKERI-3_132_2,PUNJAB,NR
GEN_111017_MUKERI-3_132_3,PUNJAB,NR
GEN_111046_ANANDGARH-2_132_1,PUNJAB,NR
GEN_111046_ANANDGARH-2_132_2,PUNJAB,NR
GEN_111046_ANANDGARH-2_132_3,PUNJAB,NR
GEN_111046_ANANDGARH-2_132_4,PUNJAB,NR
GEN_111067_UBDCPH-3_132_1,PUNJAB,NR
GEN_111067_UBDCPH-3_132_2,PUNJAB,NR
GEN_111068_UBDCPH-2_132_1,PUNJAB,NR
GEN_111068_UBDCPH-2_132_2,PUNJAB,NR
GEN_111086_MUKERI-1_132_1,PUNJAB,NR
GEN_111086_MUKERI-1_132_2,PUNJAB,NR
GEN_111086_MUKERI-1_132_3,PUNJAB,NR
GEN_111087_MUKERI-2_132_1,PUNJAB,NR
GEN_111087_MUKERI-2_132_2,PUNJAB,NR
GEN_111087_MUKERI-2_132_3,PUNJAB,NR
GEN_111089_JOGINDERNAGA_132_1,PUNJAB,NR
GEN_111089_JOGINDERNAGA_132_2,PUNJAB,NR
GEN_111089_JOGINDERNAGA_132_3,PUNJAB,NR
GEN_111089_JOGINDERNAGA_132_4,PUNJAB,NR
GEN_111089_JOGINDERNAGA_132_5,PUNJAB,NR
GEN_111092_ANANDGARH-1_132_1,PUNJAB,NR
GEN_111092_ANANDGARH-1_132_2,PUNJAB,NR
GEN_111113_GANGUWAL_132_1,PUNJAB,NR
GEN_111113_GANGUWAL_132_2,PUNJAB,NR
GEN_111113_GANGUWAL_132_3,PUNJAB,NR
GEN_111114_KOTLA_132_1,PUNJAB,NR
GEN_111114_KOTLA_132_2,PUNJAB,NR
GEN_111114_KOTLA_132_3,PUNJAB,NR
GEN_112004_LEHRAMOHABBA_220_1,PUNJAB,NR
GEN_112004_LEHRAMOHABBA_220_2,PUNJAB,NR
GEN_112004_LEHRAMOHABBA_220_3,PUNJAB,NR
GEN_112004_LEHRAMOHABBA_220_4,PUNJAB,NR
GEN_112019_RSD_220_1,PUNJAB,NR
GEN_112019_RSD_220_2,PUNJAB,NR
GEN_112019_RSD_220_3,PUNJAB,NR
GEN_112019_RSD_220_4,PUNJAB,NR
GEN_112029_ROPAR_220_1,PUNJAB,NR
GEN_112029_ROPAR_220_2,PUNJAB,NR
GEN_112029_ROPAR_220_3,PUNJAB,NR
GEN_112029_ROPAR_220_4,PUNJAB,NR
GEN_112029_ROPAR_220_5,PUNJAB,NR
GEN_112029_ROPAR_220_6,PUNJAB,NR
GEN_112044_BATHINDA_220_1,PUNJAB,NR
GEN_112044_BATHINDA_220_2,PUNJAB,NR
GEN_112044_BATHINDA_220_3,PUNJAB,NR
GEN_112044_BATHINDA_220_4,PUNJAB,NR
GEN_112066_GOINDWAL_220_1,PUNJAB,NR
GEN_112066_GOINDWAL_220_2,PUNJAB,NR
GEN_114000_TALWANDISABO_400_1,PUNJAB,NR
GEN_114000_TALWANDISABO_400_2,PUNJAB,NR
GEN_114000_TALWANDISABO_400_3,PUNJAB,NR
GEN_114005_RAJPURA_TH_400_1,PUNJAB,NR
GEN_114005_RAJPURA_TH_400_2,PUNJAB,NR
GEN_122010_PANIPAT_OLD_220_1,HARYANA,NR
GEN_122010_PANIPAT_OLD_220_2,HARYANA,NR
GEN_122010_PANIPAT_OLD_220_3,HARYANA,NR
GEN_122010_PANIPAT_OLD_220_4,HARYANA,NR
GEN_122023_PANIPAT_NEW_220_5,HARYANA,NR
GEN_122023_PANIPAT_NEW_220_6,HARYANA,NR
GEN_122023_PANIPAT_NEW_220_7,HARYANA,NR
GEN_122023_PANIPAT_NEW_220_8,HARYANA,NR
GEN_122029_YAMUNA2_220_1,HARYANA,NR
GEN_122029_YAMUNA2_220_2,HARYANA,NR
GEN_122073_FARIDAB2_220_G1,HARYANA,NR
GEN_122073_FARIDAB2_220_G2,HARYANA,NR
GEN_122073_FARIDAB2_220_S1,HARYANA,NR
GEN_124001_KHEDAR_400_1,HARYANA,NR
GEN_124001_KHEDAR_400_2,HARYANA,NR
GEN_124004_JHAJAR_N_400_1,HARYANA,NR
GEN_124004_JHAJAR_N_400_2,HARYANA,NR
GEN_124023_JHAJJAR4_400_1,HARYANA,NR
GEN_124023_JHAJJAR4_400_2,HARYANA,NR
GEN_124023_JHAJJAR4_400_3,HARYANA,NR
GEN_131116_RAMGARH21_132_1,RAJASTHAN,NR
GEN_131116_RAMGARH21_132_2,RAJASTHAN,NR
GEN_131116_RAMGARH21_132_3,RAJASTHAN,NR
GEN_131121_RPS1_132_1,RAJASTHAN,NR
GEN_131121_RPS1_132_2,RAJASTHAN,NR
GEN_131121_RPS1_132_3,RAJASTHAN,NR
GEN_131121_RPS1_132_4,RAJASTHAN,NR
GEN_131159_MAHI-I_132_1,RAJASTHAN,NR
GEN_131222_JS1_132_1,RAJASTHAN,NR
GEN_131222_JS1_132_2,RAJASTHAN,NR
GEN_131222_JS1_132_3,RAJASTHAN,NR
GEN_131278_MAHI-II_132_1,RAJASTHAN,NR
GEN_132005_RAPS_A2_220_1,RAJASTHAN,NR
GEN_132005_RAPS_A2_220_2,RAJASTHAN,NR
GEN_132019_GIRALTPS_220_1,RAJASTHAN,NR
GEN_132019_GIRALTPS_220_2,RAJASTHAN,NR
GEN_132021_DHOLPU-4_220_1,RAJASTHAN,NR
GEN_132021_DHOLPU-4_220_2,RAJASTHAN,NR
GEN_132021_DHOLPU-4_220_3,RAJASTHAN,NR
GEN_132042_BARSINGS_220_1,RAJASTHAN,NR
GEN_132042_BARSINGS_220_2,RAJASTHAN,NR
GEN_132057_SURATH-2_220_1,RAJASTHAN,NR
GEN_132057_SURATH-2_220_2,RAJASTHAN,NR
GEN_132061_KTPS_220_1,RAJASTHAN,NR
GEN_132061_KTPS_220_2,RAJASTHAN,NR
GEN_132061_KTPS_220_3,RAJASTHAN,NR
GEN_132061_KTPS_220_4,RAJASTHAN,NR
GEN_132061_KTPS_220_5,RAJASTHAN,NR
GEN_132061_KTPS_220_6,RAJASTHAN,NR
GEN_132061_KTPS_220_7,RAJASTHAN,NR
GEN_132077_RAJWEST_220_7,RAJASTHAN,NR
GEN_132077_RAJWEST_220_8,RAJASTHAN,NR
GEN_132113_RAMGARH_220_4,RAJASTHAN,NR
GEN_132113_RAMGARH_220_5,RAJASTHAN,NR
GEN_132120_VSLP_220_1,RAJASTHAN,NR
GEN_132146_RAPS_B2_220_3,RAJASTHAN,NR
GEN_132146_RAPS_B2_220_4,RAJASTHAN,NR
GEN_134007_CHABRA-4_400_1,RAJASTHAN,NR
GEN_134007_CHABRA-4_400_2,RAJASTHAN,NR
GEN_134007_CHABRA-4_400_3,RAJASTHAN,NR
GEN_134007_CHABRA-4_400_4,RAJASTHAN,NR
GEN_134008_KALISI-4_400_1,RAJASTHAN,NR
GEN_134008_KALISI-4_400_2,RAJASTHAN,NR
GEN_134009_RAJWEST_400_1,RAJASTHAN,NR
GEN_134009_RAJWEST_400_2,RAJASTHAN,NR
GEN_134009_RAJWEST_400_3,RAJASTHAN,NR
GEN_134009_RAJWEST_400_4,RAJASTHAN,NR
GEN_134009_RAJWEST_400_5,RAJASTHAN,NR
GEN_134009_RAJWEST_400_6,RAJASTHAN,NR
GEN_134010_KAWAI_400_1,RAJASTHAN,NR
GEN_134010_KAWAI_400_2,RAJASTHAN,NR
GEN_134018_SURATG-4_400_3,RAJASTHAN,NR
GEN_134018_SURATG-4_400_4,RAJASTHAN,NR
GEN_134018_SURATG-4_400_5,RAJASTHAN,NR
GEN_134018_SURATG-4_400_6,RAJASTHAN,NR
GEN_134029_ANTA2_220_G1,RAJASTHAN,NR
GEN_134029_ANTA2_220_G2,RAJASTHAN,NR
GEN_134029_ANTA2_220_G3,RAJASTHAN,NR
GEN_134029_ANTA2_220_S1,RAJASTHAN,NR
GEN_134030_RAPS_C4_400_5,RAJASTHAN,NR
GEN_134030_RAPS_C4_400_6,RAJASTHAN,NR
GEN_134031_SHRECEM_400_1,RAJASTHAN,NR
GEN_134031_SHRECEM_400_2,RAJASTHAN,NR
GEN_140001_DEL_GAS6_66_G1,DELHI,NR
GEN_140001_DEL_GAS6_66_G2,DELHI,NR
GEN_140001_DEL_GAS6_66_G3,DELHI,NR
GEN_140001_DEL_GAS6_66_G4,DELHI,NR
GEN_140001_DEL_GAS6_66_G5,DELHI,NR
GEN_140001_DEL_GAS6_66_G6,DELHI,NR
GEN_140001_DEL_GAS6_66_S1,DELHI,NR
GEN_140001_DEL_GAS6_66_S2,DELHI,NR
GEN_140001_DEL_GAS6_66_S3,DELHI,NR
GEN_140005_RAJGHATG_33_1,DELHI,NR
GEN_140005_RAJGHATG_33_2,DELHI,NR
GEN_142003_PRAGATI_BDR_220_G1,DELHI,NR
GEN_142007_PRAGATI_MND_220_G2,DELHI,NR
GEN_142007_PRAGATI_MND_220_S1,DELHI,NR
GEN_142045_BADARPR2_220_1,DELHI,NR
GEN_142045_BADARPR2_220_2,DELHI,NR
GEN_142045_BADARPR2_220_3,DELHI,NR
GEN_142045_BADARPR2_220_4,DELHI,NR
GEN_142045_BADARPR2_220_5,DELHI,NR
GEN_144000_BAWANA-G_400_G1,DELHI,NR
GEN_144000_BAWANA-G_400_G2,DELHI,NR
GEN_144000_BAWANA-G_400_G3,DELHI,NR
GEN_144000_BAWANA-G_400_G4,DELHI,NR
GEN_144000_BAWANA-G_400_S1,DELHI,NR
GEN_144000_BAWANA-G_400_S2,DELHI,NR
GEN_151050_OBRAH1_132_1,UTTAR PRADESH,NR
GEN_151050_OBRAH1_132_2,UTTAR PRADESH,NR
GEN_151050_OBRAH1_132_3,UTTAR PRADESH,NR
GEN_151065_RIHND1_132_1,UTTAR PRADESH,NR
GEN_151065_RIHND1_132_2,UTTAR PRADESH,NR
GEN_151065_RIHND1_132_3,UTTAR PRADESH,NR
GEN_151065_RIHND1_132_4,UTTAR PRADESH,NR
GEN_151065_RIHND1_132_5,UTTAR PRADESH,NR
GEN_151065_RIHND1_132_6,UTTAR PRADESH,NR
GEN_151237_KHAMBAKH_132_1,UTTAR PRADESH,NR
GEN_151237_KHAMBAKH_132_2,UTTAR PRADESH,NR
GEN_151254_UTRAULA_132_1,UTTAR PRADESH,NR
GEN_151254_UTRAULA_132_2,UTTAR PRADESH,NR
GEN_151290_MAQSUDPR_132_1,UTTAR PRADESH,NR
GEN_151290_MAQSUDPR_132_2,UTTAR PRADESH,NR
GEN_151293_BARKHER_132_1,UTTAR PRADESH,NR
GEN_151293_BARKHER_132_2,UTTAR PRADESH,NR
GEN_151295_KUNDARK_132_1,UTTAR PRADESH,NR
GEN_151295_KUNDARK_132_2,UTTAR PRADESH,NR
GEN_151325_AKBCHIN_132_1,UTTAR PRADESH,NR
GEN_151326_BALRCHIN_132_1,UTTAR PRADESH,NR
GEN_151327_DCM01_132_1,UTTAR PRADESH,NR
GEN_151328_HAIDER01_132_1,UTTAR PRADESH,NR
GEN_151329_LHSUGAR0_132_1,UTTAR PRADESH,NR
GEN_151330_MANCHIN_132_1,UTTAR PRADESH,NR
GEN_151331_RAUCHIN_132_1,UTTAR PRADESH,NR
GEN_151332_TRIVEN01_132_1,UTTAR PRADESH,NR
GEN_151333_TRIVEN02_132_1,UTTAR PRADESH,NR
GEN_151334_KUMBH_132_1,UTTAR PRADESH,NR
GEN_151335_GULARI01_132_1,UTTAR PRADESH,NR
GEN_151336_JKSUGAR_132_1,UTTAR PRADESH,NR
GEN_151337_MAWANA01_132_1,UTTAR PRADESH,NR
GEN_151338_MAWANA02_132_1,UTTAR PRADESH,NR
GEN_151339_MAWANA03_132_1,UTTAR PRADESH,NR
GEN_151340_SBECBIO_132_1,UTTAR PRADESH,NR
GEN_151341_SIMBHO01_132_1,UTTAR PRADESH,NR
GEN_151342_SIMBHO02_132_1,UTTAR PRADESH,NR
GEN_151344_OUDH_132_1,UTTAR PRADESH,NR
GEN_151345_DALMI01_132_1,UTTAR PRADESH,NR
GEN_151346_DALMI02_132_1,UTTAR PRADESH,NR
GEN_151347_DALMI03_132_1,UTTAR PRADESH,NR
GEN_151348_KMSAGA_132_1,UTTAR PRADESH,NR
GEN_151349_DWARIK01_132_1,UTTAR PRADESH,NR
GEN_151350_DWARIK02_132_1,UTTAR PRADESH,NR
GEN_151351_SUKHBI_132_1,UTTAR PRADESH,NR
GEN_151352_BAJAJ02_132_1,UTTAR PRADESH,NR
GEN_151353_BAJAJ03_132_1,UTTAR PRADESH,NR
GEN_151354_BAJAJ04_132_1,UTTAR PRADESH,NR
GEN_151356_BAJAJ06_132_1,UTTAR PRADESH,NR
GEN_151357_BAJAJ07_132_1,UTTAR PRADESH,NR
GEN_151358_BAJAJ08_132_1,UTTAR PRADESH,NR
GEN_151359_BAJAJ09_132_1,UTTAR PRADESH,NR
GEN_151360_BAJAJ10_132_1,UTTAR PRADESH,NR
GEN_151361_DCM02_132_1,UTTAR PRADESH,NR
GEN_151362_DCM03_132_1,UTTAR PRADESH,NR
GEN_151363_UTTAM01_132_1,UTTAR PRADESH,NR
GEN_151364_UTTAM02_132_1,UTTAR PRADESH,NR
GEN_151365_DHAMPU01_132_1,UTTAR PRADESH,NR
GEN_151366_DHAMPU02_132_1,UTTAR PRADESH,NR
GEN_151367_DHAMPU03_132_1,UTTAR PRADESH,NR
GEN_151368_UPPERG_132_1,UTTAR PRADESH,NR
GEN_151369_CHADA_132_1,UTTAR PRADESH,NR
GEN_151370_DAURAL_132_1,UTTAR PRADESH,NR
GEN_151371_PARLE01_132_1,UTTAR PRADESH,NR
GEN_151372_NEWIND_132_1,UTTAR PRADESH,NR
GEN_151373_PARLE02_132_1,UTTAR PRADESH,NR
GEN_151374_LHSUGAR0_132_1,UTTAR PRADESH,NR
GEN_151375_GULARI02_132_1,UTTAR PRADESH,NR
GEN_151376_HAIDER02_132_1,UTTAR PRADESH,NR
GEN_151377_DCM04_132_1,UTTAR PRADESH,NR
GEN_152021_ROSA-TP1_220_1,UTTAR PRADESH,NR
GEN_152021_ROSA-TP1_220_2,UTTAR PRADESH,NR
GEN_152038_KHARA2_220_1,UTTAR PRADESH,NR
GEN_152038_KHARA2_220_2,UTTAR PRADESH,NR
GEN_152038_KHARA2_220_3,UTTAR PRADESH,NR
GEN_152047_HARDUGN2_220_5,UTTAR PRADESH,NR
GEN_152047_HARDUGN2_220_7,UTTAR PRADESH,NR
GEN_152047_HARDUGN2_220_8,UTTAR PRADESH,NR
GEN_152047_HARDUGN2_220_9,UTTAR PRADESH,NR
GEN_152053_PARICHA2_220_1,UTTAR PRADESH,NR
GEN_152053_PARICHA2_220_2,UTTAR PRADESH,NR
GEN_152053_PARICHA2_220_3,UTTAR PRADESH,NR
GEN_152053_PARICHA2_220_4,UTTAR PRADESH,NR
GEN_152055_PANKI2_220_1,UTTAR PRADESH,NR
GEN_152055_PANKI2_220_2,UTTAR PRADESH,NR
GEN_152061_OBRA2_220_1,UTTAR PRADESH,NR
GEN_152061_OBRA2_220_2,UTTAR PRADESH,NR
GEN_152061_OBRA2_220_3,UTTAR PRADESH,NR
GEN_152061_OBRA2_220_4,UTTAR PRADESH,NR
GEN_152073_TANDA2_220_1,UTTAR PRADESH,NR
GEN_152073_TANDA2_220_2,UTTAR PRADESH,NR
GEN_152073_TANDA2_220_3,UTTAR PRADESH,NR
GEN_152073_TANDA2_220_4,UTTAR PRADESH,NR
GEN_152103_DADRI_G2_220_G1,UTTAR PRADESH,NR
GEN_152103_DADRI_G2_220_G2,UTTAR PRADESH,NR
GEN_152103_DADRI_G2_220_G3,UTTAR PRADESH,NR
GEN_152103_DADRI_G2_220_G4,UTTAR PRADESH,NR
GEN_152103_DADRI_G2_220_S1,UTTAR PRADESH,NR
GEN_152103_DADRI_G2_220_S2,UTTAR PRADESH,NR
GEN_152104_DADRI_TH_220_1,UTTAR PRADESH,NR
GEN_152104_DADRI_TH_220_2,UTTAR PRADESH,NR
GEN_152104_DADRI_TH_220_3,UTTAR PRADESH,NR
GEN_152104_DADRI_TH_220_4,UTTAR PRADESH,NR
GEN_152104_DADRI_TH_220_SW,UTTAR PRADESH,NR
GEN_152105_NAPP2_220_1,UTTAR PRADESH,NR
GEN_152105_NAPP2_220_2,UTTAR PRADESH,NR
GEN_154005_PARICHHA_400_5,UTTAR PRADESH,NR
GEN_154005_PARICHHA_400_6,UTTAR PRADESH,NR
GEN_154012_VISHNU4_400_1,UTTARAKHAND,NR
GEN_154012_VISHNU4_400_2,UTTARAKHAND,NR
GEN_154012_VISHNU4_400_3,UTTARAKHAND,NR
GEN_154012_VISHNU4_400_4,UTTARAKHAND,NR
GEN_154014_ANPARA4_400_1,UTTAR PRADESH,NR
GEN_154014_ANPARA4_400_2,UTTAR PRADESH,NR
GEN_154014_ANPARA4_400_3,UTTAR PRADESH,NR
GEN_154014_ANPARA4_400_4,UTTAR PRADESH,NR
GEN_154014_ANPARA4_400_5,UTTAR PRADESH,NR
GEN_154017_ROSA-TP2_400_3,UTTAR PRADESH,NR
GEN_154017_ROSA-TP2_400_4,UTTAR PRADESH,NR
GEN_154018_OBRA4_400_5,UTTAR PRADESH,NR
GEN_154018_OBRA4_400_6,UTTAR PRADESH,NR
GEN_154018_OBRA4_400_7,UTTAR PRADESH,NR
GEN_154018_OBRA4_400_8,UTTAR PRADESH,NR
GEN_154018_OBRA4_400_9,UTTAR PRADESH,NR
GEN_154056_SINGRL4_400_1,UTTAR PRADESH,NR
GEN_154056_SINGRL4_400_2,UTTAR PRADESH,NR
GEN_154056_SINGRL4_400_3,UTTAR PRADESH,NR
GEN_154056_SINGRL4_400_4,UTTAR PRADESH,NR
GEN_154056_SINGRL4_400_5,UTTAR PRADESH,NR
GEN_154056_SINGRL4_400_6,UTTAR PRADESH,NR
GEN_154056_SINGRL4_400_7,UTTAR PRADESH,NR
GEN_154057_RIHAND-G_400_1,UTTAR PRADESH,NR
GEN_154057_RIHAND-G_400_2,UTTAR PRADESH,NR
GEN_154057_RIHAND-G_400_3,UTTAR PRADESH,NR
GEN_154057_RIHAND-G_400_4,UTTAR PRADESH,NR
GEN_154057_RIHAND-G_400_5,UTTAR PRADESH,NR
GEN_154057_RIHAND-G_400_6,UTTAR PRADESH,NR
GEN_154058_UNCHAHR2_220_1,UTTAR PRADESH,NR
GEN_154058_UNCHAHR2_220_2,UTTAR PRADESH,NR
GEN_154058_UNCHAHR2_220_3,UTTAR PRADESH,NR
GEN_154058_UNCHAHR2_220_4,UTTAR PRADESH,NR
GEN_154058_UNCHAHR2_220_5,UTTAR PRADESH,NR
GEN_154060_AURYA2_220_G1,UTTAR PRADESH,NR
GEN_154060_AURYA2_220_G2,UTTAR PRADESH,NR
GEN_154060_AURYA2_220_G3,UTTAR PRADESH,NR
GEN_154060_AURYA2_220_G4,UTTAR PRADESH,NR
GEN_154060_AURYA2_220_S1,UTTAR PRADESH,NR
GEN_154060_AURYA2_220_S2,UTTAR PRADESH,NR
GEN_154061_DADR-NCR_400_5,UTTAR PRADESH,NR
GEN_154061_DADR-NCR_400_6,UTTAR PRADESH,NR
GEN_154065_SRINAGAR4_400_1,UTTARAKHAND,NR
GEN_154065_SRINAGAR4_400_2,UTTARAKHAND,NR
GEN_154065_SRINAGAR4_400_3,UTTARAKHAND,NR
GEN_154065_SRINAGAR4_400_4,UTTARAKHAND,NR
GEN_157000_ANPARAC_765_1,UTTAR PRADESH,NR
GEN_157000_ANPARAC_765_2,UTTAR PRADESH,NR
GEN_157001_ANPARA-D_765_1,UTTAR PRADESH,NR
GEN_157001_ANPARA-D_765_2,UTTAR PRADESH,NR
GEN_157009_LALITPUR-TPS_765_1,UTTAR PRADESH,NR
GEN_157009_LALITPUR-TPS_765_2,UTTAR PRADESH,NR
GEN_157009_LALITPUR-TPS_765_3,UTTAR PRADESH,NR
GEN_161007_DHAKRANI_132_1,UTTARAKHAND,NR
GEN_161007_DHAKRANI_132_2,UTTARAKHAND,NR
GEN_161007_DHAKRANI_132_3,UTTARAKHAND,NR
GEN_161013_KHATIMAH_132_1,UTTARAKHAND,NR
GEN_161013_KHATIMAH_132_2,UTTARAKHAND,NR
GEN_161013_KHATIMAH_132_3,UTTARAKHAND,NR
GEN_161031_KALAGARH_132_1,UTTARAKHAND,NR
GEN_161031_KALAGARH_132_2,UTTARAKHAND,NR
GEN_161031_KALAGARH_132_3,UTTARAKHAND,NR
GEN_161035_CHILLA-H_132_1,UTTARAKHAND,NR
GEN_161035_CHILLA-H_132_2,UTTARAKHAND,NR
GEN_161035_CHILLA-H_132_3,UTTARAKHAND,NR
GEN_161035_CHILLA-H_132_4,UTTARAKHAND,NR
GEN_161037_KULHALHE_132_1,UTTARAKHAND,NR
GEN_161037_KULHALHE_132_2,UTTARAKHAND,NR
GEN_161037_KULHALHE_132_3,UTTARAKHAND,NR
GEN_161039_DHALIPUR_132_1,UTTARAKHAND,NR
GEN_161039_DHALIPUR_132_2,UTTARAKHAND,NR
GEN_161039_DHALIPUR_132_3,UTTARAKHAND,NR
GEN_162000_MANERI_1_220_1,UTTARAKHAND,NR
GEN_162000_MANERI_1_220_2,UTTARAKHAND,NR
GEN_162000_MANERI_1_220_3,UTTARAKHAND,NR
GEN_162006_BHILANGA_220_1,UTTARAKHAND,NR
GEN_162006_BHILANGA_220_2,UTTARAKHAND,NR
GEN_162006_BHILANGA_220_3,UTTARAKHAND,NR
GEN_162011_SHRAVANT_220_1,UTTARAKHAND,NR
GEN_162011_SHRAVANT_220_2,UTTARAKHAND,NR
GEN_162011_SHRAVANT_220_3,UTTARAKHAND,NR
GEN_162013_MANERI_2_220_1,UTTARAKHAND,NR
GEN_162013_MANERI_2_220_2,UTTARAKHAND,NR
GEN_162013_MANERI_2_220_3,UTTARAKHAND,NR
GEN_162013_MANERI_2_220_4,UTTARAKHAND,NR
GEN_162014_CHIBRO-H_220_1,UTTARAKHAND,NR
GEN_162014_CHIBRO-H_220_2,UTTARAKHAND,NR
GEN_162014_CHIBRO-H_220_3,UTTARAKHAND,NR
GEN_162014_CHIBRO-H_220_4,UTTARAKHAND,NR
GEN_162016_KHODRIHE_220_1,UTTARAKHAND,NR
GEN_162016_KHODRIHE_220_2,UTTARAKHAND,NR
GEN_162016_KHODRIHE_220_3,UTTARAKHAND,NR
GEN_162016_KHODRIHE_220_4,UTTARAKHAND,NR
GEN_162019_TANAKPUR2_220_1,UTTARAKHAND,NR
GEN_162019_TANAKPUR2_220_2,UTTARAKHAND,NR
GEN_162019_TANAKPUR2_220_3,UTTARAKHAND,NR
GEN_164003_TEHRI4_400_1,UTTARAKHAND,NR
GEN_164003_TEHRI4_400_2,UTTARAKHAND,NR
GEN_164003_TEHRI4_400_3,UTTARAKHAND,NR
GEN_164003_TEHRI4_400_4,UTTARAKHAND,NR
GEN_164004_KOTESHWA_400_1,UTTARAKHAND,NR
GEN_164004_KOTESHWA_400_2,UTTARAKHAND,NR
GEN_164004_KOTESHWA_400_3,UTTARAKHAND,NR
GEN_164004_KOTESHWA_400_4,UTTARAKHAND,NR
GEN_164005_DHAULI2_220_1,UTTARAKHAND,NR
GEN_164005_DHAULI2_220_2,UTTARAKHAND,NR
GEN_164005_DHAULI2_220_3,UTTARAKHAND,NR
GEN_164005_DHAULI2_220_4,UTTARAKHAND,NR
GEN_170004_BHAKRA-L_66_1,PUNJAB,NR
GEN_170004_BHAKRA-L_66_2,PUNJAB,NR
GEN_171001_BAJAURA1_132_TH,HIMACHAL PRADESH,NR
GEN_171002_MALANA1_132_1,HIMACHAL PRADESH,NR
GEN_171002_MALANA1_132_2,HIMACHAL PRADESH,NR
GEN_171003_KANGRA1_132_GJ,HIMACHAL PRADESH,NR
GEN_171003_KANGRA1_132_KH,HIMACHAL PRADESH,NR
GEN_171007_BASSI1_132_1,HIMACHAL PRADESH,NR
GEN_171007_BASSI1_132_2,HIMACHAL PRADESH,NR
GEN_171007_BASSI1_132_3,HIMACHAL PRADESH,NR
GEN_171007_BASSI1_132_4,HIMACHAL PRADESH,NR
GEN_171009_GIRI1_132_1,HIMACHAL PRADESH,NR
GEN_171009_GIRI1_132_2,HIMACHAL PRADESH,NR
GEN_171012_PALAMPUR_132_BN,HIMACHAL PRADESH,NR
GEN_171012_PALAMPUR_132_BW,HIMACHAL PRADESH,NR
GEN_171016_LARJI1_132_1,HIMACHAL PRADESH,NR
GEN_171016_LARJI1_132_2,HIMACHAL PRADESH,NR
GEN_171016_LARJI1_132_3,HIMACHAL PRADESH,NR
GEN_171028_MALAN-II_132_1,HIMACHAL PRADESH,NR
GEN_171028_MALAN-II_132_2,HIMACHAL PRADESH,NR
GEN_172000_BUDHIL_220_1,HIMACHAL PRADESH,NR
GEN_172000_BUDHIL_220_2,HIMACHAL PRADESH,NR
GEN_172012_BHABA2_220_1,HIMACHAL PRADESH,NR
GEN_172012_BHABA2_220_2,HIMACHAL PRADESH,NR
GEN_172012_BHABA2_220_3,HIMACHAL PRADESH,NR
GEN_172015_BHAKRA_L_220_3,PUNJAB,NR
GEN_172015_BHAKRA_L_220_4,PUNJAB,NR
GEN_172015_BHAKRA_L_220_5,PUNJAB,NR
GEN_172016_BHAKRA_R_220_1,PUNJAB,NR
GEN_172016_BHAKRA_R_220_2,PUNJAB,NR
GEN_172016_BHAKRA_R_220_3,PUNJAB,NR
GEN_172016_BHAKRA_R_220_4,PUNJAB,NR
GEN_172016_BHAKRA_R_220_5,PUNJAB,NR
GEN_172017_DEHAR_220_1,HIMACHAL PRADESH,NR
GEN_172017_DEHAR_220_2,HIMACHAL PRADESH,NR
GEN_172018_BAIRASIUL2_220_1,HIMACHAL PRADESH,NR
GEN_172018_BAIRASIUL2_220_2,HIMACHAL PRADESH,NR
GEN_172018_BAIRASIUL2_220_3,HIMACHAL PRADESH,NR
GEN_172020_CHAMER-3_220_1,HIMACHAL PRADESH,NR
GEN_172020_CHAMER-3_220_2,HIMACHAL PRADESH,NR
GEN_172020_CHAMER-3_220_3,HIMACHAL PRADESH,NR
GEN_172021_PONG_220_1,HIMACHAL PRADESH,NR
GEN_172021_PONG_220_2,HIMACHAL PRADESH,NR
GEN_172021_PONG_220_3,HIMACHAL PRADESH,NR
GEN_172021_PONG_220_4,HIMACHAL PRADESH,NR
GEN_172021_PONG_220_5,HIMACHAL PRADESH,NR
GEN_172021_PONG_220_6,HIMACHAL PRADESH,NR
GEN_172022_ADHYDRO_220_1,HIMACHAL PRADESH,NR
GEN_172022_ADHYDRO_220_2,HIMACHAL PRADESH,NR
GEN_174000_BASPA4_400_1,HIMACHAL PRADESH,NR
GEN_174000_BASPA4_400_2,HIMACHAL PRADESH,NR
GEN_174000_BASPA4_400_3,HIMACHAL PRADESH,NR
GEN_174001_CHAMERA-1_400_1,HIMACHAL PRADESH,NR
GEN_174001_CHAMERA-1_400_2,HIMACHAL PRADESH,NR
GEN_174001_CHAMERA-1_400_3,HIMACHAL PRADESH,NR
GEN_174002_CHAMERA-2_400_1,HIMACHAL PRADESH,NR
GEN_174002_CHAMERA-2_400_2,HIMACHAL PRADESH,NR
GEN_174002_CHAMERA-2_400_3,HIMACHAL PRADESH,NR
GEN_174007_DEHAR_400_3,HIMACHAL PRADESH,NR
GEN_174007_DEHAR_400_4,HIMACHAL PRADESH,NR
GEN_174007_DEHAR_400_5,HIMACHAL PRADESH,NR
GEN_174007_DEHAR_400_6,HIMACHAL PRADESH,NR
GEN_174008_NATHPA4_400_1,HIMACHAL PRADESH,NR
GEN_174008_NATHPA4_400_2,HIMACHAL PRADESH,NR
GEN_174008_NATHPA4_400_3,HIMACHAL PRADESH,NR
GEN_174008_NATHPA4_400_4,HIMACHAL PRADESH,NR
GEN_174008_NATHPA4_400_5,HIMACHAL PRADESH,NR
GEN_174008_NATHPA4_400_6,HIMACHAL PRADESH,NR
GEN_174009_RAMPUR_400_1,HIMACHAL PRADESH,NR
GEN_174009_RAMPUR_400_2,HIMACHAL PRADESH,NR
GEN_174009_RAMPUR_400_3,HIMACHAL PRADESH,NR
GEN_174009_RAMPUR_400_4,HIMACHAL PRADESH,NR
GEN_174009_RAMPUR_400_5,HIMACHAL PRADESH,NR
GEN_174009_RAMPUR_400_6,HIMACHAL PRADESH,NR
GEN_174010_KARCHAMW_400_1,HIMACHAL PRADESH,NR
GEN_174010_KARCHAMW_400_2,HIMACHAL PRADESH,NR
GEN_174010_KARCHAMW_400_3,HIMACHAL PRADESH,NR
GEN_174010_KARCHAMW_400_4,HIMACHAL PRADESH,NR
GEN_174011_PARBT-II_400_1,HIMACHAL PRADESH,NR
GEN_174011_PARBT-II_400_2,HIMACHAL PRADESH,NR
GEN_174011_PARBT-II_400_3,HIMACHAL PRADESH,NR
GEN_174011_PARBT-II_400_4,HIMACHAL PRADESH,NR
GEN_174012_PARBTI-3_400_1,HIMACHAL PRADESH,NR
GEN_174012_PARBTI-3_400_2,HIMACHAL PRADESH,NR
GEN_174012_PARBTI-3_400_3,HIMACHAL PRADESH,NR
GEN_174012_PARBTI-3_400_4,HIMACHAL PRADESH,NR
GEN_174013_KOLDAM_400_1,HIMACHAL PRADESH,NR
GEN_174013_KOLDAM_400_2,HIMACHAL PRADESH,NR
GEN_174013_KOLDAM_400_3,HIMACHAL PRADESH,NR
GEN_174013_KOLDAM_400_4,HIMACHAL PRADESH,NR
GEN_181004_LOWERJHELUM1_132_1,JAMMU KASHMIR,NR
GEN_181004_LOWERJHELUM1_132_2,JAMMU KASHMIR,NR
GEN_181004_LOWERJHELUM1_132_3,JAMMU KASHMIR,NR
GEN_181008_UDAMPUR1_132_1,JAMMU KASHMIR,NR
GEN_181008_UDAMPUR1_132_2,JAMMU KASHMIR,NR
GEN_181008_UDAMPUR1_132_3,JAMMU KASHMIR,NR
GEN_181008_UDAMPUR1_132_4,JAMMU KASHMIR,NR
GEN_181008_UDAMPUR1_132_5,JAMMU KASHMIR,NR
GEN_181019_UPPERSIND_132_1,JAMMU KASHMIR,NR
GEN_181019_UPPERSIND_132_2,JAMMU KASHMIR,NR
GEN_181019_UPPERSIND_132_3,JAMMU KASHMIR,NR
GEN_181019_UPPERSIND_132_4,JAMMU KASHMIR,NR
GEN_181019_UPPERSIND_132_5,JAMMU KASHMIR,NR
GEN_181027_PAMPORE1_132_1,JAMMU KASHMIR,NR
GEN_181027_PAMPORE1_132_2,JAMMU KASHMIR,NR
GEN_181027_PAMPORE1_132_3,JAMMU KASHMIR,NR
GEN_181027_PAMPORE1_132_4,JAMMU KASHMIR,NR
GEN_181027_PAMPORE1_132_5,JAMMU KASHMIR,NR
GEN_181027_PAMPORE1_132_6,JAMMU KASHMIR,NR
GEN_181027_PAMPORE1_132_7,JAMMU KASHMIR,NR
GEN_181045_SEWA-II_132_1,JAMMU KASHMIR,NR
GEN_181045_SEWA-II_132_2,JAMMU KASHMIR,NR
GEN_181045_SEWA-II_132_3,JAMMU KASHMIR,NR
GEN_182009_SALAL2_220_1,JAMMU KASHMIR,NR
GEN_182009_SALAL2_220_2,JAMMU KASHMIR,NR
GEN_182009_SALAL2_220_3,JAMMU KASHMIR,NR
GEN_182009_SALAL2_220_4,JAMMU KASHMIR,NR
GEN_182009_SALAL2_220_5,JAMMU KASHMIR,NR
GEN_182009_SALAL2_220_6,JAMMU KASHMIR,NR
GEN_184000_BAGLIHAR4_400_1,JAMMU KASHMIR,NR
GEN_184000_BAGLIHAR4_400_2,JAMMU KASHMIR,NR
GEN_184000_BAGLIHAR4_400_3,JAMMU KASHMIR,NR
GEN_184001_URIG-1_400_1,JAMMU KASHMIR,NR
GEN_184001_URIG-1_400_2,JAMMU KASHMIR,NR
GEN_184001_URIG-1_400_3,JAMMU KASHMIR,NR
GEN_184001_URIG-1_400_4,JAMMU KASHMIR,NR
GEN_184006_DULHASTI_400_1,JAMMU KASHMIR,NR
GEN_184006_DULHASTI_400_2,JAMMU KASHMIR,NR
GEN_184006_DULHASTI_400_3,JAMMU KASHMIR,NR
GEN_184007_URIG-2_400_1,JAMMU KASHMIR,NR
GEN_184007_URIG-2_400_2,JAMMU KASHMIR,NR
GEN_184007_URIG-2_400_3,JAMMU KASHMIR,NR
GEN_184007_URIG-2_400_4,JAMMU KASHMIR,NR
GEN_211002_BARAUNI_132_6,BIHAR,ER
GEN_211002_BARAUNI_132_7,BIHAR,ER
GEN_214001_KHALGAON4_400_1,BIHAR,ER
GEN_214001_KHALGAON4_400_2,BIHAR,ER
GEN_214001_KHALGAON4_400_3,BIHAR,ER
GEN_214001_KHALGAON4_400_4,BIHAR,ER
GEN_214001_KHALGAON4_400_5,BIHAR,ER
GEN_214001_KHALGAON4_400_6,BIHAR,ER
GEN_214001_KHALGAON4_400_7,BIHAR,ER
GEN_214008_BARH_400_1,BIHAR,ER
GEN_221007_SUBRNKA_132_1,JHARKHAND,ER
GEN_221007_SUBRNKA_132_2,JHARKHAND,ER
GEN_222001_PATRTU2_220_5,JHARKHAND,ER
GEN_222001_PATRTU2_220_6,JHARKHAND,ER
GEN_222001_PATRTU2_220_7,JHARKHAND,ER
GEN_222001_PATRTU2_220_8,JHARKHAND,ER
GEN_222001_PATRTU2_220_9,JHARKHAND,ER
GEN_222004_TENGHAT_220_1,JHARKHAND,ER
GEN_222004_TENGHAT_220_2,JHARKHAND,ER
GEN_224000_CORPORAT_400_1,JHARKHAND,ER
GEN_224000_CORPORAT_400_2,JHARKHAND,ER
GEN_224001_MPL_400_1,JHARKHAND,ER
GEN_224001_MPL_400_2,JHARKHAND,ER
GEN_224002_ADUNIK_400_1,JHARKHAND,ER
GEN_224002_ADUNIK_400_2,JHARKHAND,ER
GEN_231007_PANCHET_132_1,DVC,ER
GEN_231007_PANCHET_132_2,DVC,ER
GEN_232001_MEJIA2_220_1,DVC,ER
GEN_232001_MEJIA2_220_2,DVC,ER
GEN_232001_MEJIA2_220_3,DVC,ER
GEN_232001_MEJIA2_220_4,DVC,ER
GEN_232001_MEJIA2_220_5,DVC,ER
GEN_232001_MEJIA2_220_6,DVC,ER
GEN_232007_WARIA_GEN_220_1,DVC,ER
GEN_232007_WARIA_GEN_220_2,DVC,ER
GEN_234000_RAGHUNAT_400_1,DVC,ER
GEN_234001_DSTPS_400_1,DVC,ER
GEN_234001_DSTPS_400_2,DVC,ER
GEN_234002_MEJIA_400_1,DVC,ER
GEN_234002_MEJIA_400_2,DVC,ER
GEN_241001_BOKARO1_132_1,DVC,ER
GEN_241001_BOKARO1_132_2,DVC,ER
GEN_241001_BOKARO1_132_3,DVC,ER
GEN_241001_BOKARO1_132_4,DVC,ER
GEN_241002_CHNPUR1_132_1,DVC,ER
GEN_241002_CHNPUR1_132_2,DVC,ER
GEN_241002_CHNPUR1_132_3,DVC,ER
GEN_241002_CHNPUR1_132_4,DVC,ER
GEN_241006_MAITHON_132_1,DVC,ER
GEN_241006_MAITHON_132_2,DVC,ER
GEN_241006_MAITHON_132_3,DVC,ER
GEN_241031_JOJOBE_1_132_3,DVC,ER
GEN_242000_BOKARO2_220_1,DVC,ER
GEN_242000_BOKARO2_220_2,DVC,ER
GEN_242000_BOKARO2_220_3,DVC,ER
GEN_242001_CHNPUR2_220_7,DVC,ER
GEN_242001_CHNPUR2_220_8,DVC,ER
GEN_244002_KODERMA4_400_1,DVC,ER
GEN_244002_KODERMA4_400_2,DVC,ER
GEN_251010_TALCHER1_132_1,ODISHA,ER
GEN_251010_TALCHER1_132_2,ODISHA,ER
GEN_251010_TALCHER1_132_3,ODISHA,ER
GEN_251010_TALCHER1_132_4,ODISHA,ER
GEN_251012_HIRAKUD1_132_1,ODISHA,ER
GEN_251012_HIRAKUD1_132_2,ODISHA,ER
GEN_251012_HIRAKUD1_132_3,ODISHA,ER
GEN_251012_HIRAKUD1_132_4,ODISHA,ER
GEN_251012_HIRAKUD1_132_5,ODISHA,ER
GEN_251012_HIRAKUD1_132_6,ODISHA,ER
GEN_251012_HIRAKUD1_132_7,ODISHA,ER
GEN_251014_CHIPLIMA_132_1,ODISHA,ER
GEN_251014_CHIPLIMA_132_2,ODISHA,ER
GEN_251014_CHIPLIMA_132_3,ODISHA,ER
GEN_251022_ICCL1_132_1,ODISHA,ER
GEN_251022_ICCL1_132_2,ODISHA,ER
GEN_251065_HINDLCO_132_1,ODISHA,ER
GEN_251066_NBVLBSSL_132_1,ODISHA,ER
GEN_251066_NBVLBSSL_132_2,ODISHA,ER
GEN_252001_BALIMELA_220_1,ODISHA,ER
GEN_252001_BALIMELA_220_2,ODISHA,ER
GEN_252001_BALIMELA_220_3,ODISHA,ER
GEN_252001_BALIMELA_220_4,ODISHA,ER
GEN_252001_BALIMELA_220_5,ODISHA,ER
GEN_252001_BALIMELA_220_6,ODISHA,ER
GEN_252001_BALIMELA_220_7,ODISHA,ER
GEN_252003_UPKOLAB2_220_1,ODISHA,ER
GEN_252003_UPKOLAB2_220_2,ODISHA,ER
GEN_252003_UPKOLAB2_220_3,ODISHA,ER
GEN_252003_UPKOLAB2_220_4,ODISHA,ER
GEN_252006_TTPS2_220_1,ODISHA,ER
GEN_252006_TTPS2_220_2,ODISHA,ER
GEN_252011_NALCO2_220_1,ODISHA,ER
GEN_252011_NALCO2_220_2,ODISHA,ER
GEN_252011_NALCO2_220_3,ODISHA,ER
GEN_252011_NALCO2_220_4,ODISHA,ER
GEN_252011_NALCO2_220_5,ODISHA,ER
GEN_252011_NALCO2_220_6,ODISHA,ER
GEN_252011_NALCO2_220_7,ODISHA,ER
GEN_252011_NALCO2_220_8,ODISHA,ER
GEN_252011_NALCO2_220_9,ODISHA,ER
GEN_252012_INDRVT12_220_1,ODISHA,ER
GEN_252012_INDRVT12_220_2,ODISHA,ER
GEN_252012_INDRVT12_220_3,ODISHA,ER
GEN_252012_INDRVT12_220_4,ODISHA,ER
GEN_252015_IBTPS2_220_1,ODISHA,ER
GEN_252015_IBTPS2_220_2,ODISHA,ER
GEN_252018_RENGLPS_220_1,ODISHA,ER
GEN_252018_RENGLPS_220_2,ODISHA,ER
GEN_252018_RENGLPS_220_3,ODISHA,ER
GEN_252018_RENGLPS_220_4,ODISHA,ER
GEN_252018_RENGLPS_220_5,ODISHA,ER
GEN_252032_BSSL_220_1,ODISHA,ER
GEN_252033_JINSTL_220_1,ODISHA,ER
GEN_252033_JINSTL_220_2,ODISHA,ER
GEN_252034_TSIL_220_1,ODISHA,ER
GEN_252036_VEDANT_220_1,ODISHA,ER
GEN_252036_VEDANT_220_2,ODISHA,ER
GEN_252036_VEDANT_220_3,ODISHA,ER
GEN_252036_VEDANT_220_4,ODISHA,ER
GEN_252036_VEDANT_220_5,ODISHA,ER
GEN_252036_VEDANT_220_6,ODISHA,ER
GEN_252036_VEDANT_220_7,ODISHA,ER
GEN_254000_GMR_IPP_400_1,ODISHA,ER
GEN_254000_GMR_IPP_400_2,ODISHA,ER
GEN_254000_GMR_IPP_400_3,ODISHA,ER
GEN_254004_STER_OPT_400_2,ODISHA,ER
GEN_254006_STERLIT_400_1,ODISHA,ER
GEN_254006_STERLIT_400_3,ODISHA,ER
GEN_254006_STERLIT_400_4,ODISHA,ER
GEN_254008_TSTPP4_400_1,ODISHA,ER
GEN_254008_TSTPP4_400_2,ODISHA,ER
GEN_254013_JSPL_400_1,ODISHA,ER
GEN_254013_JSPL_400_2,ODISHA,ER
GEN_254013_JSPL_400_3,ODISHA,ER
GEN_254013_JSPL_400_4,ODISHA,ER
GEN_254013_JSPL_400_5,ODISHA,ER
GEN_254013_JSPL_400_6,ODISHA,ER
GEN_254013_JSPL_400_7,ODISHA,ER
GEN_254021_JITPL_400_1,ODISHA,ER
GEN_254021_JITPL_400_2,ODISHA,ER
GEN_254024_TAL-ST2_400_1,ODISHA,ER
GEN_254024_TAL-ST2_400_2,ODISHA,ER
GEN_254024_TAL-ST2_400_3,ODISHA,ER
GEN_254024_TAL-ST2_400_4,ODISHA,ER
GEN_254026_GMR(ODISHA)_400_1,ODISHA,ER
GEN_261006_BANDEL1_132_1,WEST BENGAL,ER
GEN_261006_BANDEL1_132_2,WEST BENGAL,ER
GEN_261006_BANDEL1_132_3,WEST BENGAL,ER
GEN_261006_BANDEL1_132_4,WEST BENGAL,ER
GEN_261006_BANDEL1_132_5,WEST BENGAL,ER
GEN_261027_DPL1_132_1,WEST BENGAL,ER
GEN_261027_DPL1_132_2,WEST BENGAL,ER
GEN_261027_DPL1_132_3,WEST BENGAL,ER
GEN_261027_DPL1_132_4,WEST BENGAL,ER
GEN_261027_DPL1_132_5,WEST BENGAL,ER
GEN_261050_RAMMAM_132_1,WEST BENGAL,ER
GEN_261050_RAMMAM_132_2,WEST BENGAL,ER
GEN_261050_RAMMAM_132_3,WEST BENGAL,ER
GEN_261050_RAMMAM_132_4,WEST BENGAL,ER
GEN_261075_TCF-1_132_1,WEST BENGAL,ER
GEN_261076_TCF-2_132_1,WEST BENGAL,ER
GEN_261077_TCF-3_132_1,WEST BENGAL,ER
GEN_262000_SANTLDI_220_1,WEST BENGAL,ER
GEN_262000_SANTLDI_220_2,WEST BENGAL,ER
GEN_262000_SANTLDI_220_3,WEST BENGAL,ER
GEN_262000_SANTLDI_220_4,WEST BENGAL,ER
GEN_262000_SANTLDI_220_5,WEST BENGAL,ER
GEN_262000_SANTLDI_220_6,WEST BENGAL,ER
GEN_262002_KTPS220_220_1,WEST BENGAL,ER
GEN_262002_KTPS220_220_2,WEST BENGAL,ER
GEN_262002_KTPS220_220_3,WEST BENGAL,ER
GEN_262010_BKRESWAR2_220_3,WEST BENGAL,ER
GEN_262010_BKRESWAR2_220_4,WEST BENGAL,ER
GEN_262010_BKRESWAR2_220_5,WEST BENGAL,ER
GEN_262035_TEESTALDIII_220_1,WEST BENGAL,ER
GEN_262035_TEESTALDIII_220_2,WEST BENGAL,ER
GEN_262035_TEESTALDIII_220_3,WEST BENGAL,ER
GEN_262035_TEESTALDIII_220_4,WEST BENGAL,ER
GEN_264000_KTPP4_400_4,WEST BENGAL,ER
GEN_264000_KTPP4_400_5,WEST BENGAL,ER
GEN_264000_KTPP4_400_6,WEST BENGAL,ER
GEN_264003_SAGARDIGHI4_400_1,WEST BENGAL,ER
GEN_264003_SAGARDIGHI4_400_2,WEST BENGAL,ER
GEN_264004_BAKRESWAR4_400_1,WEST BENGAL,ER
GEN_264004_BAKRESWAR4_400_2,WEST BENGAL,ER
GEN_264007_PPSP_400_1,WEST BENGAL,ER
GEN_264007_PPSP_400_2,WEST BENGAL,ER
GEN_264007_PPSP_400_3,WEST BENGAL,ER
GEN_264007_PPSP_400_4,WEST BENGAL,ER
GEN_264008_FARAKKA_400_1,WEST BENGAL,ER
GEN_264008_FARAKKA_400_2,WEST BENGAL,ER
GEN_264008_FARAKKA_400_3,WEST BENGAL,ER
GEN_264008_FARAKKA_400_4,WEST BENGAL,ER
GEN_264008_FARAKKA_400_5,WEST BENGAL,ER
GEN_264008_FARAKKA_400_6,WEST BENGAL,ER
GEN_264012_HALDIA_400_1,WEST BENGAL,ER
GEN_264012_HALDIA_400_2,WEST BENGAL,ER
GEN_271005_BUGBUG_132_1,WEST BENGAL,ER
GEN_271005_BUGBUG_132_2,WEST BENGAL,ER
GEN_271008_SRS_132_1,WEST BENGAL,ER
GEN_271008_SRS_132_2,WEST BENGAL,ER
GEN_271016_TRS1_132_1,WEST BENGAL,ER
GEN_271016_TRS1_132_2,WEST BENGAL,ER
GEN_271016_TRS1_132_3,WEST BENGAL,ER
GEN_271016_TRS1_132_4,WEST BENGAL,ER
GEN_272002_BUGBUG2_220_1,WEST BENGAL,ER
GEN_281001_RANGIT1_132_1,SIKKIM,ER
GEN_281001_RANGIT1_132_2,SIKKIM,ER
GEN_281001_RANGIT1_132_3,SIKKIM,ER
GEN_281003_CHUJACHEN_132_1,SIKKIM,ER
GEN_281003_CHUJACHEN_132_2,SIKKIM,ER
GEN_284000_TISTA-V4_400_1,SIKKIM,ER
GEN_284000_TISTA-V4_400_2,SIKKIM,ER
GEN_284000_TISTA-V4_400_3,SIKKIM,ER
GEN_292000_CHUKHA2_220_1,BHUTAN,BHUTAN
GEN_292000_CHUKHA2_220_2,BHUTAN,BHUTAN
GEN_292000_CHUKHA2_220_3,BHUTAN,BHUTAN
GEN_292000_CHUKHA2_220_4,BHUTAN,BHUTAN
GEN_292006_BASOCHHU2_220_1,BHUTAN,BHUTAN
GEN_292006_BASOCHHU2_220_2,BHUTAN,BHUTAN
GEN_292006_BASOCHHU2_220_3,BHUTAN,BHUTAN
GEN_292006_BASOCHHU2_220_4,BHUTAN,BHUTAN
GEN_292007_DAGACHHU2_220_4,BHUTAN,BHUTAN
GEN_292007_DAGACHHU2_220_5,BHUTAN,BHUTAN
GEN_294000_TALA4_400_1,BHUTAN,BHUTAN
GEN_294000_TALA4_400_2,BHUTAN,BHUTAN
GEN_294000_TALA4_400_3,BHUTAN,BHUTAN
GEN_294000_TALA4_400_4,BHUTAN,BHUTAN
GEN_294000_TALA4_400_5,BHUTAN,BHUTAN
GEN_294000_TALA4_400_6,BHUTAN,BHUTAN
GEN_311008_DHUV1_132_1,GUJARAT,WR
GEN_311008_DHUV1_132_2,GUJARAT,WR
GEN_311008_DHUV1_132_3,GUJARAT,WR
GEN_311008_DHUV1_132_4,GUJARAT,WR
GEN_311008_DHUV1_132_5,GUJARAT,WR
GEN_311008_DHUV1_132_6,GUJARAT,WR
GEN_311015_SIKKA1_132_1,GUJARAT,WR
GEN_311015_SIKKA1_132_2,GUJARAT,WR
GEN_311023_AECOM1_132_C,GUJARAT,WR
GEN_311023_AECOM1_132_D,GUJARAT,WR
GEN_311023_AECOM1_132_E,GUJARAT,WR
GEN_311023_AECOM1_132_F,GUJARAT,WR
GEN_311023_AECOM1_132_G1,GUJARAT,WR
GEN_311023_AECOM1_132_G2,GUJARAT,WR
GEN_311023_AECOM1_132_S1,GUJARAT,WR
GEN_311024_GIPCL1_132_G1,GUJARAT,WR
GEN_311024_GIPCL1_132_G2,GUJARAT,WR
GEN_311024_GIPCL1_132_G3,GUJARAT,WR
GEN_311024_GIPCL1_132_G4,GUJARAT,WR
GEN_311024_GIPCL1_132_S1,GUJARAT,WR
GEN_311024_GIPCL1_132_S2,GUJARAT,WR
GEN_312005_GANDHINAGAR_220_1,GUJARAT,WR
GEN_312005_GANDHINAGAR_220_2,GUJARAT,WR
GEN_312005_GANDHINAGAR_220_3,GUJARAT,WR
GEN_312005_GANDHINAGAR_220_4,GUJARAT,WR
GEN_312005_GANDHINAGAR_220_5,GUJARAT,WR
GEN_312018_WANAK2_220_1,GUJARAT,WR
GEN_312018_WANAK2_220_2,GUJARAT,WR
GEN_312018_WANAK2_220_3,GUJARAT,WR
GEN_312019_KADAN2_220_1,GUJARAT,WR
GEN_312019_KADAN2_220_2,GUJARAT,WR
GEN_312019_KADAN2_220_3,GUJARAT,WR
GEN_312019_KADAN2_220_4,GUJARAT,WR
GEN_312027_UKAIT2_220_1,GUJARAT,WR
GEN_312027_UKAIT2_220_2,GUJARAT,WR
GEN_312027_UKAIT2_220_3,GUJARAT,WR
GEN_312027_UKAIT2_220_4,GUJARAT,WR
GEN_312027_UKAIT2_220_5,GUJARAT,WR
GEN_312028_UKAIH2_220_1,GUJARAT,WR
GEN_312028_UKAIH2_220_2,GUJARAT,WR
GEN_312028_UKAIH2_220_3,GUJARAT,WR
GEN_312028_UKAIH2_220_4,GUJARAT,WR
GEN_312029_UTRAN2_220_G1,GUJARAT,WR
GEN_312029_UTRAN2_220_G2,GUJARAT,WR
GEN_312029_UTRAN2_220_G3,GUJARAT,WR
GEN_312029_UTRAN2_220_G4,GUJARAT,WR
GEN_312029_UTRAN2_220_S1,GUJARAT,WR
GEN_312029_UTRAN2_220_S2,GUJARAT,WR
GEN_312036_GPEC2_220_G1,GUJARAT,WR
GEN_312036_GPEC2_220_G2,GUJARAT,WR
GEN_312036_GPEC2_220_G3,GUJARAT,WR
GEN_312036_GPEC2_220_S1,GUJARAT,WR
GEN_312037_PANAN2_220_1,GUJARAT,WR
GEN_312037_PANAN2_220_2,GUJARAT,WR
GEN_312037_PANAN2_220_3,GUJARAT,WR
GEN_312037_PANAN2_220_4,GUJARAT,WR
GEN_312044_ESSAR2_220_G1,GUJARAT,WR
GEN_312055_MUNDRA2_220_1,GUJARAT,WR
GEN_312055_MUNDRA2_220_2,GUJARAT,WR
GEN_312060_AKRIM_220_1,GUJARAT,WR
GEN_312060_AKRIM_220_2,GUJARAT,WR
GEN_312064_SSP2_220_1,GUJARAT,WR
GEN_312064_SSP2_220_2,GUJARAT,WR
GEN_312064_SSP2_220_3,GUJARAT,WR
GEN_312064_SSP2_220_4,GUJARAT,WR
GEN_312064_SSP2_220_5,GUJARAT,WR
GEN_312076_GSEG_220_G1,GUJARAT,WR
GEN_312076_GSEG_220_G2,GUJARAT,WR
GEN_312076_GSEG_220_ST,GUJARAT,WR
GEN_312078_GACL_220_1,GUJARAT,WR
GEN_312078_GACL_220_2,GUJARAT,WR
GEN_312078_GACL_220_ST,GUJARAT,WR
GEN_312084_MANGROL_220_1,GUJARAT,WR
GEN_312084_MANGROL_220_2,GUJARAT,WR
GEN_312084_MANGROL_220_3,GUJARAT,WR
GEN_312084_MANGROL_220_4,GUJARAT,WR
GEN_312125_HAZR-EXT_220_GT,GUJARAT,WR
GEN_312126_PIPAVAV_220_1,GUJARAT,WR
GEN_312129_BHANDER_220_1,GUJARAT,WR
GEN_312129_BHANDER_220_2,GUJARAT,WR
GEN_312129_BHANDER_220_3,GUJARAT,WR
GEN_312132_KAWAS2_220_G1,GUJARAT,WR
GEN_312132_KAWAS2_220_G2,GUJARAT,WR
GEN_312132_KAWAS2_220_G3,GUJARAT,WR
GEN_312132_KAWAS2_220_G4,GUJARAT,WR
GEN_312132_KAWAS2_220_S1,GUJARAT,WR
GEN_312132_KAWAS2_220_S2,GUJARAT,WR
GEN_312133_GANCS2_220_G1,GUJARAT,WR
GEN_312133_GANCS2_220_G2,GUJARAT,WR
GEN_312133_GANCS2_220_G3,GUJARAT,WR
GEN_312133_GANCS2_220_ST,GUJARAT,WR
GEN_312134_KAKRA2_220_1,GUJARAT,WR
GEN_312134_KAKRA2_220_2,GUJARAT,WR
GEN_314002_WANAKBORI_400_1,GUJARAT,WR
GEN_314002_WANAKBORI_400_2,GUJARAT,WR
GEN_314002_WANAKBORI_400_3,GUJARAT,WR
GEN_314002_WANAKBORI_400_4,GUJARAT,WR
GEN_314005_UKAI_400_6,GUJARAT,WR
GEN_314009_SSP_400_4,GUJARAT,WR
GEN_314009_SSP_400_5,GUJARAT,WR
GEN_314009_SSP_400_6,GUJARAT,WR
GEN_314010_SUGEN_400_G1,GUJARAT,WR
GEN_314010_SUGEN_400_G2,GUJARAT,WR
GEN_314010_SUGEN_400_G3,GUJARAT,WR
GEN_314013_MUNDRA_400_3,GUJARAT,WR
GEN_314013_MUNDRA_400_4,GUJARAT,WR
GEN_314013_MUNDRA_400_5,GUJARAT,WR
GEN_314013_MUNDRA_400_6,GUJARAT,WR
GEN_314013_MUNDRA_400_7,GUJARAT,WR
GEN_314013_MUNDRA_400_8,GUJARAT,WR
GEN_314013_MUNDRA_400_9,GUJARAT,WR
GEN_314023_VADINAR_400_1,GUJARAT,WR
GEN_314023_VADINAR_400_2,GUJARAT,WR
GEN_314029_SUGEN-UN_400_4,GUJARAT,WR
GEN_314030_DGEN_400_1,GUJARAT,WR
GEN_314030_DGEN_400_2,GUJARAT,WR
GEN_314030_DGEN_400_3,GUJARAT,WR
GEN_314035_CGPL_400_1,GUJARAT,WR
GEN_314035_CGPL_400_2,GUJARAT,WR
GEN_314035_CGPL_400_3,GUJARAT,WR
GEN_314035_CGPL_400_4,GUJARAT,WR
GEN_314035_CGPL_400_5,GUJARAT,WR
GEN_314307_SSP_II_400_1,GUJARAT,WR
GEN_314307_SSP_II_400_2,GUJARAT,WR
GEN_314307_SSP_II_400_3,GUJARAT,WR
GEN_321002_GSAGA1_132_1,MADHYA PRADESH,WR
GEN_321002_GSAGA1_132_2,MADHYA PRADESH,WR
GEN_321002_GSAGA1_132_3,MADHYA PRADESH,WR
GEN_321002_GSAGA1_132_4,MADHYA PRADESH,WR
GEN_321002_GSAGA1_132_5,MADHYA PRADESH,WR
GEN_321007_PENCH1_132_1,MADHYA PRADESH,WR
GEN_321007_PENCH1_132_2,MADHYA PRADESH,WR
GEN_321027_BARGI1_132_1,MADHYA PRADESH,WR
GEN_321027_BARGI1_132_2,MADHYA PRADESH,WR
GEN_321028_AMK132_132_1,MADHYA PRADESH,WR
GEN_321028_AMK132_132_2,MADHYA PRADESH,WR
GEN_321032_RAJGHAT_132_1,MADHYA PRADESH,WR
GEN_321032_RAJGHAT_132_2,MADHYA PRADESH,WR
GEN_321032_RAJGHAT_132_3,MADHYA PRADESH,WR
GEN_321145_MADIKHED_132_1,MADHYA PRADESH,WR
GEN_321145_MADIKHED_132_2,MADHYA PRADESH,WR
GEN_321145_MADIKHED_132_3,MADHYA PRADESH,WR
GEN_321176_BANSGR-2_132_1,MADHYA PRADESH,WR
GEN_321176_BANSGR-2_132_2,MADHYA PRADESH,WR
GEN_321198_BANSGR-3_132_1,MADHYA PRADESH,WR
GEN_321198_BANSGR-3_132_2,MADHYA PRADESH,WR
GEN_321198_BANSGR-3_132_3,MADHYA PRADESH,WR
GEN_321200_BANSGR-4_132_1,MADHYA PRADESH,WR
GEN_321200_BANSGR-4_132_2,MADHYA PRADESH,WR
GEN_321228_BLA-TPS_132_1,MADHYA PRADESH,WR
GEN_321228_BLA-TPS_132_2,MADHYA PRADESH,WR
GEN_322010_SAT2_220_1,MADHYA PRADESH,WR
GEN_322010_SAT2_220_2,MADHYA PRADESH,WR
GEN_322010_SAT2_220_3,MADHYA PRADESH,WR
GEN_322010_SAT2_220_5,MADHYA PRADESH,WR
GEN_322010_SAT2_220_7,MADHYA PRADESH,WR
GEN_322013_AMARK2_220_1,MADHYA PRADESH,WR
GEN_322013_AMARK2_220_2,MADHYA PRADESH,WR
GEN_322013_AMARK2_220_3,MADHYA PRADESH,WR
GEN_322014_BIRST2_220_1,MADHYA PRADESH,WR
GEN_322014_BIRST2_220_2,MADHYA PRADESH,WR
GEN_322014_BIRST2_220_3,MADHYA PRADESH,WR
GEN_322016_BANSG-I_220_1,MADHYA PRADESH,WR
GEN_322016_BANSG-I_220_2,MADHYA PRADESH,WR
GEN_322016_BANSG-I_220_3,MADHYA PRADESH,WR
GEN_322041_OMKSR_220_1,MADHYA PRADESH,WR
GEN_322041_OMKSR_220_2,MADHYA PRADESH,WR
GEN_322041_OMKSR_220_3,MADHYA PRADESH,WR
GEN_322041_OMKSR_220_4,MADHYA PRADESH,WR
GEN_322041_OMKSR_220_5,MADHYA PRADESH,WR
GEN_322041_OMKSR_220_6,MADHYA PRADESH,WR
GEN_322041_OMKSR_220_7,MADHYA PRADESH,WR
GEN_322041_OMKSR_220_8,MADHYA PRADESH,WR
GEN_322062_BIRSNG-H_220_1,MADHYA PRADESH,WR
GEN_324003_SATPURA_400_10,MADHYA PRADESH,WR
GEN_324003_SATPURA_400_11,MADHYA PRADESH,WR
GEN_324003_SATPURA_400_8,MADHYA PRADESH,WR
GEN_324003_SATPURA_400_9,MADHYA PRADESH,WR
GEN_324006_INDIRA-SAGAR_400_1,MADHYA PRADESH,WR
GEN_324006_INDIRA-SAGAR_400_2,MADHYA PRADESH,WR
GEN_324006_INDIRA-SAGAR_400_3,MADHYA PRADESH,WR
GEN_324006_INDIRA-SAGAR_400_4,MADHYA PRADESH,WR
GEN_324006_INDIRA-SAGAR_400_5,MADHYA PRADESH,WR
GEN_324006_INDIRA-SAGAR_400_6,MADHYA PRADESH,WR
GEN_324006_INDIRA-SAGAR_400_7,MADHYA PRADESH,WR
GEN_324006_INDIRA-SAGAR_400_8,MADHYA PRADESH,WR
GEN_324016_BIRSINGPUR_400_5,MADHYA PRADESH,WR
GEN_324025_MALWA_400_1,MADHYA PRADESH,WR
GEN_324025_MALWA_400_2,MADHYA PRADESH,WR
GEN_324028_NIGRI_400_1,MADHYA PRADESH,WR
GEN_324028_NIGRI_400_2,MADHYA PRADESH,WR
GEN_324029_MB-POWER_400_1,MADHYA PRADESH,WR
GEN_324030_VINDHYACHAL_400_1,MADHYA PRADESH,WR
GEN_324030_VINDHYACHAL_400_10,MADHYA PRADESH,WR
GEN_324030_VINDHYACHAL_400_2,MADHYA PRADESH,WR
GEN_324030_VINDHYACHAL_400_3,MADHYA PRADESH,WR
GEN_324030_VINDHYACHAL_400_4,MADHYA PRADESH,WR
GEN_324030_VINDHYACHAL_400_5,MADHYA PRADESH,WR
GEN_324030_VINDHYACHAL_400_6,MADHYA PRADESH,WR
GEN_324030_VINDHYACHAL_400_7,MADHYA PRADESH,WR
GEN_324030_VINDHYACHAL_400_8,MADHYA PRADESH,WR
GEN_324030_VINDHYACHAL_400_9,MADHYA PRADESH,WR
GEN_324031_VINDH-IV_400_1,MADHYA PRADESH,WR
GEN_324034_MAHAN_400_1,MADHYA PRADESH,WR
GEN_324034_MAHAN_400_2,MADHYA PRADESH,WR
GEN_324035_JP-BINA_400_1,MADHYA PRADESH,WR
GEN_324035_JP-BINA_400_2,MADHYA PRADESH,WR
GEN_324037_VCHAL-12_400_2,MADHYA PRADESH,WR
GEN_324039_JHABUA_400_1,MADHYA PRADESH,WR
GEN_327008_SASAN_765_1,MADHYA PRADESH,WR
GEN_327008_SASAN_765_2,MADHYA PRADESH,WR
GEN_327008_SASAN_765_3,MADHYA PRADESH,WR
GEN_327008_SASAN_765_4,MADHYA PRADESH,WR
GEN_327008_SASAN_765_5,MADHYA PRADESH,WR
GEN_327008_SASAN_765_6,MADHYA PRADESH,WR
GEN_331002_BHIPU1_100_1,MAHARASHTRA,WR
GEN_331002_BHIPU1_100_2,MAHARASHTRA,WR
GEN_331002_BHIPU1_100_3,MAHARASHTRA,WR
GEN_331002_BHIPU1_100_4,MAHARASHTRA,WR
GEN_331002_BHIPU1_100_5,MAHARASHTRA,WR
GEN_331002_BHIPU1_100_6,MAHARASHTRA,WR
GEN_331006_BHIRA1_100_1,MAHARASHTRA,WR
GEN_331006_BHIRA1_100_2,MAHARASHTRA,WR
GEN_331006_BHIRA1_100_3,MAHARASHTRA,WR
GEN_331006_BHIRA1_100_4,MAHARASHTRA,WR
GEN_331006_BHIRA1_100_5,MAHARASHTRA,WR
GEN_331006_BHIRA1_100_6,MAHARASHTRA,WR
GEN_331007_KHOPO1_100_1,MAHARASHTRA,WR
GEN_331007_KHOPO1_100_2,MAHARASHTRA,WR
GEN_331007_KHOPO1_100_3,MAHARASHTRA,WR
GEN_331007_KHOPO1_100_4,MAHARASHTRA,WR
GEN_331007_KHOPO1_100_5,MAHARASHTRA,WR
GEN_331007_KHOPO1_100_6,MAHARASHTRA,WR
GEN_331007_KHOPO1_100_7,MAHARASHTRA,WR
GEN_331007_KHOPO1_100_8,MAHARASHTRA,WR
GEN_331013_BHUSA1_132_2,MAHARASHTRA,WR
GEN_331013_BHUSA1_132_3,MAHARASHTRA,WR
GEN_331122_KHAPRALE_132_1,MAHARASHTRA,WR
GEN_331122_KHAPRALE_132_2,MAHARASHTRA,WR
GEN_331156_BHANRDHR_132_1,MAHARASHTRA,WR
GEN_331156_BHANRDHR_132_2,MAHARASHTRA,WR
GEN_331192_DAUND_132_1,MAHARASHTRA,WR
GEN_331202_VAITRAN_132_1,MAHARASHTRA,WR
GEN_331249_VIR-HYDR_132_1,MAHARASHTRA,WR
GEN_331249_VIR-HYDR_132_2,MAHARASHTRA,WR
GEN_331252_ELDARI_132_1,MAHARASHTRA,WR
GEN_331252_ELDARI_132_2,MAHARASHTRA,WR
GEN_331252_ELDARI_132_3,MAHARASHTRA,WR
GEN_331268_BHATGHAR_132_1,MAHARASHTRA,WR
GEN_331283_MUKHED_132_1,MAHARASHTRA,WR
GEN_331309_VARASGN_132_1,MAHARASHTRA,WR
GEN_331314_MANDRUP_132_1,MAHARASHTRA,WR
GEN_331323_PANSHET_132_1,MAHARASHTRA,WR
GEN_331326_UJANI-HY_132_1,MAHARASHTRA,WR
GEN_332005_URAN2_220_5,MAHARASHTRA,WR
GEN_332005_URAN2_220_6,MAHARASHTRA,WR
GEN_332005_URAN2_220_7,MAHARASHTRA,WR
GEN_332005_URAN2_220_8,MAHARASHTRA,WR
GEN_332005_URAN2_220_W1,MAHARASHTRA,WR
GEN_332005_URAN2_220_W2,MAHARASHTRA,WR
GEN_332011_KOY3-2_220_1,MAHARASHTRA,WR
GEN_332011_KOY3-2_220_2,MAHARASHTRA,WR
GEN_332011_KOY3-2_220_3,MAHARASHTRA,WR
GEN_332011_KOY3-2_220_4,MAHARASHTRA,WR
GEN_332020_KOY12-2_220_1,MAHARASHTRA,WR
GEN_332020_KOY12-2_220_2,MAHARASHTRA,WR
GEN_332020_KOY12-2_220_3,MAHARASHTRA,WR
GEN_332020_KOY12-2_220_4,MAHARASHTRA,WR
GEN_332020_KOY12-2_220_5,MAHARASHTRA,WR
GEN_332020_KOY12-2_220_6,MAHARASHTRA,WR
GEN_332020_KOY12-2_220_7,MAHARASHTRA,WR
GEN_332020_KOY12-2_220_8,MAHARASHTRA,WR
GEN_332022_TILLA2_220_1,MAHARASHTRA,WR
GEN_332024_PARLI2_220_3,MAHARASHTRA,WR
GEN_332024_PARLI2_220_4,MAHARASHTRA,WR
GEN_332024_PARLI2_220_5,MAHARASHTRA,WR
GEN_332024_PARLI2_220_6,MAHARASHTRA,WR
GEN_332024_PARLI2_220_7,MAHARASHTRA,WR
GEN_332027_CHAND2_220_1,MAHARASHTRA,WR
GEN_332029_WARDH2_220_1,MAHARASHTRA,WR
GEN_332029_WARDH2_220_2,MAHARASHTRA,WR
GEN_332031_KORAD2_220_5,MAHARASHTRA,WR
GEN_332040_NASIK2_220_2,MAHARASHTRA,WR
GEN_332040_NASIK2_220_3,MAHARASHTRA,WR
GEN_332040_NASIK2_220_4,MAHARASHTRA,WR
GEN_332040_NASIK2_220_5,MAHARASHTRA,WR
GEN_332041_TROMB2_220_4,MAHARASHTRA,WR
GEN_332041_TROMB2_220_5,MAHARASHTRA,WR
GEN_332041_TROMB2_220_6,MAHARASHTRA,WR
GEN_332041_TROMB2_220_7,MAHARASHTRA,WR
GEN_332041_TROMB2_220_8,MAHARASHTRA,WR
GEN_332042_KKHED2_220_1,MAHARASHTRA,WR
GEN_332042_KKHED2_220_2,MAHARASHTRA,WR
GEN_332042_KKHED2_220_3,MAHARASHTRA,WR
GEN_332042_KKHED2_220_4,MAHARASHTRA,WR
GEN_332080_KDPH22_220_1,MAHARASHTRA,WR
GEN_332080_KDPH22_220_2,MAHARASHTRA,WR
GEN_332081_BHIRA2_220_7,MAHARASHTRA,WR
GEN_332082_DAHAN2_220_1,MAHARASHTRA,WR
GEN_332082_DAHAN2_220_2,MAHARASHTRA,WR
GEN_332097_BHIRA_220_1,MAHARASHTRA,WR
GEN_332097_BHIRA_220_2,MAHARASHTRA,WR
GEN_332105_PARAS_220_3,MAHARASHTRA,WR
GEN_332105_PARAS_220_4,MAHARASHTRA,WR
GEN_332140_GHATGR_220_1,MAHARASHTRA,WR
GEN_332140_GHATGR_220_2,MAHARASHTRA,WR
GEN_332165_PAWAS_220_1,MAHARASHTRA,WR
GEN_332179_INDORAM_220_1,MAHARASHTRA,WR
GEN_332182_CHND-MDC_220_1,MAHARASHTRA,WR
GEN_332183_MATRDEV_220_1,MAHARASHTRA,WR
GEN_332185_FINOLEX_220_1,MAHARASHTRA,WR
GEN_332190_KSK-WRDH_220_1,MAHARASHTRA,WR
GEN_332190_KSK-WRDH_220_2,MAHARASHTRA,WR
GEN_332190_KSK-WRDH_220_3,MAHARASHTRA,WR
GEN_332190_KSK-WRDH_220_4,MAHARASHTRA,WR
GEN_332198_VIDARBHA_220_1,MAHARASHTRA,WR
GEN_332198_VIDARBHA_220_2,MAHARASHTRA,WR
GEN_332199_ABHI-NG_220_1,MAHARASHTRA,WR
GEN_332199_ABHI-NG_220_2,MAHARASHTRA,WR
GEN_332199_ABHI-NG_220_3,MAHARASHTRA,WR
GEN_332199_ABHI-NG_220_4,MAHARASHTRA,WR
GEN_332219_TAPS2_220_1,MAHARASHTRA,WR
GEN_332219_TAPS2_220_2,MAHARASHTRA,WR
GEN_334007_CHANDRAPUR_400_2,MAHARASHTRA,WR
GEN_334007_CHANDRAPUR_400_3,MAHARASHTRA,WR
GEN_334007_CHANDRAPUR_400_4,MAHARASHTRA,WR
GEN_334007_CHANDRAPUR_400_5,MAHARASHTRA,WR
GEN_334007_CHANDRAPUR_400_6,MAHARASHTRA,WR
GEN_334007_CHANDRAPUR_400_7,MAHARASHTRA,WR
GEN_334010_KORADI_400_1,MAHARASHTRA,WR
GEN_334010_KORADI_400_2,MAHARASHTRA,WR
GEN_334010_KORADI_400_3,MAHARASHTRA,WR
GEN_334023_JAIGAD_400_1,MAHARASHTRA,WR
GEN_334023_JAIGAD_400_2,MAHARASHTRA,WR
GEN_334023_JAIGAD_400_3,MAHARASHTRA,WR
GEN_334023_JAIGAD_400_4,MAHARASHTRA,WR
GEN_334025_KOY4-4_400_1,MAHARASHTRA,WR
GEN_334025_KOY4-4_400_2,MAHARASHTRA,WR
GEN_334025_KOY4-4_400_3,MAHARASHTRA,WR
GEN_334025_KOY4-4_400_4,MAHARASHTRA,WR
GEN_334026_K-KHD-N_400_5,MAHARASHTRA,WR
GEN_334029_BHUSWL-N_400_4,MAHARASHTRA,WR
GEN_334029_BHUSWL-N_400_5,MAHARASHTRA,WR
GEN_334030_TIRODA_400_1,MAHARASHTRA,WR
GEN_334030_TIRODA_400_2,MAHARASHTRA,WR
GEN_334030_TIRODA_400_3,MAHARASHTRA,WR
GEN_334032_NANDGAONPETH_400_1,MAHARASHTRA,WR
GEN_334032_NANDGAONPETH_400_2,MAHARASHTRA,WR
GEN_334032_NANDGAONPETH_400_3,MAHARASHTRA,WR
GEN_334035_NASIK-SI_400_1,MAHARASHTRA,WR
GEN_334036_DHARIWAL_400_1,MAHARASHTRA,WR
GEN_334039_DHARIWAL_400_2,MAHARASHTRA,WR
GEN_334043_TARAPUR-3&4_400_1,MAHARASHTRA,WR
GEN_334043_TARAPUR-3&4_400_2,MAHARASHTRA,WR
GEN_334044_RGPPL_400_1,MAHARASHTRA,WR
GEN_334044_RGPPL_400_2,MAHARASHTRA,WR
GEN_334044_RGPPL_400_3,MAHARASHTRA,WR
GEN_334044_RGPPL_400_4,MAHARASHTRA,WR
GEN_334045_MAUDA_400_1,MAHARASHTRA,WR
GEN_334045_MAUDA_400_2,MAHARASHTRA,WR
GEN_334046_EMCO_400_1,MAHARASHTRA,WR
GEN_334046_EMCO_400_2,MAHARASHTRA,WR
GEN_334047_IEPL_400_1,MAHARASHTRA,WR
GEN_334047_IEPL_400_2,MAHARASHTRA,WR
GEN_334059_SHLPR-NTPC_400_1,MAHARASHTRA,WR
GEN_334059_SHLPR-NTPC_400_2,MAHARASHTRA,WR
GEN_337001_TIRORA_765_1,MAHARASHTRA,WR
GEN_337001_TIRORA_765_2,MAHARASHTRA,WR
GEN_351004_HASDE1_132_1,CHHATTISGARH,WR
GEN_351004_HASDE1_132_2,CHHATTISGARH,WR
GEN_351004_HASDE1_132_3,CHHATTISGARH,WR
GEN_351012_RAIGARH_132_1,CHHATTISGARH,WR
GEN_351012_RAIGARH_132_2,CHHATTISGARH,WR
GEN_351014_SILTARA_132_1,CHHATTISGARH,WR
GEN_351034_KVK_132_1,CHHATTISGARH,WR
GEN_351035_ARASMETA_132_1,CHHATTISGARH,WR
GEN_351041_MONNET_R_132_1,CHHATTISGARH,WR
GEN_351044_BAGRANG_132_1,CHHATTISGARH,WR
GEN_351057_MAHA-CL_132_1,CHHATTISGARH,WR
GEN_351084_SKS_132_1,CHHATTISGARH,WR
GEN_351085_JAGDMBA_132_1,CHHATTISGARH,WR
GEN_351086_GODVRI-P_132_1,CHHATTISGARH,WR
GEN_351087_VANDANA_132_1,CHHATTISGARH,WR
GEN_351088_NAKODA_132_1,CHHATTISGARH,WR
GEN_351089_SHARD-EN_132_1,CHHATTISGARH,WR
GEN_351092_HIRA-PL_132_1,CHHATTISGARH,WR
GEN_351092_HIRA-PL_132_2,CHHATTISGARH,WR
GEN_351092_HIRA-PL_132_3,CHHATTISGARH,WR
GEN_351093_BAJRNG-P_132_1,CHHATTISGARH,WR
GEN_351095_ARYAN-CL_132_1,CHHATTISGARH,WR
GEN_351096_CSPL_132_1,CHHATTISGARH,WR
GEN_351097_PIL_132_1,CHHATTISGARH,WR
GEN_351103_MSP-STL_132_1,CHHATTISGARH,WR
GEN_351105_RL-I-LTD_132_1,CHHATTISGARH,WR
GEN_351113_MONNET-M_132_1,CHHATTISGARH,WR
GEN_351114_SALASAR_132_1,CHHATTISGARH,WR
GEN_351115_SV-POWER_132_1,CHHATTISGARH,WR
GEN_351119_SPECTRUM-CL_132_1,CHHATTISGARH,WR
GEN_351119_SPECTRUM-CL_132_2,CHHATTISGARH,WR
GEN_352004_KORBW2_220_1,CHHATTISGARH,WR
GEN_352004_KORBW2_220_2,CHHATTISGARH,WR
GEN_352005_KORBE2_220_1,CHHATTISGARH,WR
GEN_352005_KORBE2_220_2,CHHATTISGARH,WR
GEN_352005_KORBE2_220_3,CHHATTISGARH,WR
GEN_352005_KORBE2_220_4,CHHATTISGARH,WR
GEN_352005_KORBE2_220_5,CHHATTISGARH,WR
GEN_352005_KORBE2_220_6,CHHATTISGARH,WR
GEN_352006_SILTARA_220_1,CHHATTISGARH,WR
GEN_352011_KORBAEXT_220_1,CHHATTISGARH,WR
GEN_352011_KORBAEXT_220_2,CHHATTISGARH,WR
GEN_352026_BALCO_220_1,CHHATTISGARH,WR
GEN_352031_JINB2-2_220_4,CHHATTISGARH,WR
GEN_352032_BALCO2_220_1,CHHATTISGARH,WR
GEN_352032_BALCO2_220_2,CHHATTISGARH,WR
GEN_352032_BALCO2_220_3,CHHATTISGARH,WR
GEN_352032_BALCO2_220_4,CHHATTISGARH,WR
GEN_352033_DCPP_JS_220_1,CHHATTISGARH,WR
GEN_352033_DCPP_JS_220_2,CHHATTISGARH,WR
GEN_352035_JSPCL2_220_1,CHHATTISGARH,WR
GEN_352037_DCPP_JS_220_1,CHHATTISGARH,WR
GEN_352037_DCPP_JS_220_2,CHHATTISGARH,WR
GEN_354002_KORBA-WEST_400_3,CHHATTISGARH,WR
GEN_354002_KORBA-WEST_400_4,CHHATTISGARH,WR
GEN_354002_KORBA-WEST_400_5,CHHATTISGARH,WR
GEN_354009_MARWA_400_1,CHHATTISGARH,WR
GEN_354009_MARWA_400_2,CHHATTISGARH,WR
GEN_354010_KWPCL_400_1,CHHATTISGARH,WR
GEN_354010_KWPCL_400_2,CHHATTISGARH,WR
GEN_354013_GMR_400_1,CHHATTISGARH,WR
GEN_354013_GMR_400_2,CHHATTISGARH,WR
GEN_354017_KORBA-NTPC_400_1,CHHATTISGARH,WR
GEN_354017_KORBA-NTPC_400_2,CHHATTISGARH,WR
GEN_354017_KORBA-NTPC_400_3,CHHATTISGARH,WR
GEN_354017_KORBA-NTPC_400_4,CHHATTISGARH,WR
GEN_354017_KORBA-NTPC_400_5,CHHATTISGARH,WR
GEN_354017_KORBA-NTPC_400_6,CHHATTISGARH,WR
GEN_354017_KORBA-NTPC_400_7,CHHATTISGARH,WR
GEN_354018_KSK-MAHNADI_400_1,CHHATTISGARH,WR
GEN_354018_KSK-MAHNADI_400_2,CHHATTISGARH,WR
GEN_354022_PATH4_400_1,CHHATTISGARH,WR
GEN_354022_PATH4_400_2,CHHATTISGARH,WR
GEN_354023_NSPCL4_400_1,CHHATTISGARH,WR
GEN_354023_NSPCL4_400_2,CHHATTISGARH,WR
GEN_354025_JIN4-B1_400_1,CHHATTISGARH,WR
GEN_354025_JIN4-B1_400_2,CHHATTISGARH,WR
GEN_354025_JIN4-B1_400_3,CHHATTISGARH,WR
GEN_354028_ARYN_CBL_400_1,CHHATTISGARH,WR
GEN_354028_ARYN_CBL_400_2,CHHATTISGARH,WR
GEN_354029_BALCO_400_1,CHHATTISGARH,WR
GEN_354029_BALCO_400_2,CHHATTISGARH,WR
GEN_354030_VANDANA_400_1,CHHATTISGARH,WR
GEN_354030_VANDANA_400_2,CHHATTISGARH,WR
GEN_354031_DB-POWER_400_1,CHHATTISGARH,WR
GEN_354032_JPL_EXTN_400_1,CHHATTISGARH,WR
GEN_354032_JPL_EXTN_400_2,CHHATTISGARH,WR
GEN_354032_JPL_EXTN_400_3,CHHATTISGARH,WR
GEN_354032_JPL_EXTN_400_4,CHHATTISGARH,WR
GEN_354033_MARUTI_400_1,CHHATTISGARH,WR
GEN_354038_RKM_400_1,CHHATTISGARH,WR
GEN_354038_RKM_400_2,CHHATTISGARH,WR
GEN_354038_RKM_400_3,CHHATTISGARH,WR
GEN_354038_RKM_400_4,CHHATTISGARH,WR
GEN_354044_SKS_400_1,CHHATTISGARH,WR
GEN_354044_SKS_400_2,CHHATTISGARH,WR
GEN_354044_SKS_400_3,CHHATTISGARH,WR
GEN_354044_SKS_400_4,CHHATTISGARH,WR
GEN_357002_SIPAT_765_1,CHHATTISGARH,WR
GEN_357002_SIPAT_765_2,CHHATTISGARH,WR
GEN_357002_SIPAT_765_3,CHHATTISGARH,WR
GEN_357002_SIPAT_765_4,CHHATTISGARH,WR
GEN_357002_SIPAT_765_5,CHHATTISGARH,WR
GEN_411035_HAMPI_132_1,ANDHRA PRADESH & TELANGANA,SR
GEN_411053_MACHKUND_132_1,ANDHRA PRADESH & TELANGANA,SR
GEN_411056_NAVLWARF_132_1,ANDHRA PRADESH & TELANGANA,SR
GEN_411060_NSR-RCNL_132_1,ANDHRA PRADESH & TELANGANA,SR
GEN_411060_NSR-RCNL_132_2,ANDHRA PRADESH & TELANGANA,SR
GEN_411060_NSR-RCNL_132_3,ANDHRA PRADESH & TELANGANA,SR
GEN_411061_NELORION_132_1,ANDHRA PRADESH & TELANGANA,SR
GEN_411101_PNNAHBLM_132_1,ANDHRA PRADESH & TELANGANA,SR
GEN_411101_PNNAHBLM_132_2,ANDHRA PRADESH & TELANGANA,SR
GEN_411115_BHARAARD_132_1,ANDHRA PRADESH & TELANGANA,SR
GEN_411151_SRI-IES_132_1,ANDHRA PRADESH & TELANGANA,SR
GEN_411154_GBRPOANT_132_1,ANDHRA PRADESH & TELANGANA,SR
GEN_411160_VATSASA_132_1,ANDHRA PRADESH & TELANGANA,SR
GEN_411161_LVSPOECT_132_1,ANDHRA PRADESH & TELANGANA,SR
GEN_411185_NCS_132_1,ANDHRA PRADESH & TELANGANA,SR
GEN_411196_CLARION_132_1,ANDHRA PRADESH & TELANGANA,SR
GEN_411222_RCL_132_1,ANDHRA PRADESH & TELANGANA,SR
GEN_411223_NVBRTH_132_1,ANDHRA PRADESH & TELANGANA,SR
GEN_412010_DONKARAI_220_1,ANDHRA PRADESH & TELANGANA,SR
GEN_412017_LOWRERU_220_1,ANDHRA PRADESH & TELANGANA,SR
GEN_412017_LOWRERU_220_2,ANDHRA PRADESH & TELANGANA,SR
GEN_412017_LOWRERU_220_3,ANDHRA PRADESH & TELANGANA,SR
GEN_412017_LOWRERU_220_4,ANDHRA PRADESH & TELANGANA,SR
GEN_412020_SRIAILAM_220_1,ANDHRA PRADESH & TELANGANA,SR
GEN_412020_SRIAILAM_220_2,ANDHRA PRADESH & TELANGANA,SR
GEN_412020_SRIAILAM_220_3,ANDHRA PRADESH & TELANGANA,SR
GEN_412020_SRIAILAM_220_4,ANDHRA PRADESH & TELANGANA,SR
GEN_412020_SRIAILAM_220_5,ANDHRA PRADESH & TELANGANA,SR
GEN_412020_SRIAILAM_220_6,ANDHRA PRADESH & TELANGANA,SR
GEN_412020_SRIAILAM_220_7,ANDHRA PRADESH & TELANGANA,SR
GEN_412022_VIJESM-I_220_1,ANDHRA PRADESH & TELANGANA,SR
GEN_412022_VIJESM-I_220_2,ANDHRA PRADESH & TELANGANA,SR
GEN_412022_VIJESM-I_220_3,ANDHRA PRADESH & TELANGANA,SR
GEN_412025_VTPS_220_1,ANDHRA PRADESH & TELANGANA,SR
GEN_412025_VTPS_220_2,ANDHRA PRADESH & TELANGANA,SR
GEN_412025_VTPS_220_3,ANDHRA PRADESH & TELANGANA,SR
GEN_412025_VTPS_220_4,ANDHRA PRADESH & TELANGANA,SR
GEN_412025_VTPS_220_5,ANDHRA PRADESH & TELANGANA,SR
GEN_412025_VTPS_220_6,ANDHRA PRADESH & TELANGANA,SR
GEN_412034_MUDDANUR_220_1,ANDHRA PRADESH & TELANGANA,SR
GEN_412034_MUDDANUR_220_2,ANDHRA PRADESH & TELANGANA,SR
GEN_412034_MUDDANUR_220_3,ANDHRA PRADESH & TELANGANA,SR
GEN_412034_MUDDANUR_220_4,ANDHRA PRADESH & TELANGANA,SR
GEN_412034_MUDDANUR_220_5,ANDHRA PRADESH & TELANGANA,SR
GEN_412041_JEGRUADU_220_1,ANDHRA PRADESH & TELANGANA,SR
GEN_412041_JEGRUADU_220_2,ANDHRA PRADESH & TELANGANA,SR
GEN_412041_JEGRUADU_220_3,ANDHRA PRADESH & TELANGANA,SR
GEN_412041_JEGRUADU_220_4,ANDHRA PRADESH & TELANGANA,SR
GEN_412042_SPECTRUM_220_1,ANDHRA PRADESH & TELANGANA,SR
GEN_412042_SPECTRUM_220_2,ANDHRA PRADESH & TELANGANA,SR
GEN_412042_SPECTRUM_220_3,ANDHRA PRADESH & TELANGANA,SR
GEN_412042_SPECTRUM_220_4,ANDHRA PRADESH & TELANGANA,SR
GEN_412045_VIJHE-II_220_1,ANDHRA PRADESH & TELANGANA,SR
GEN_412045_VIJHE-II_220_2,ANDHRA PRADESH & TELANGANA,SR
GEN_412049_KONAPGS_220_1,ANDHRA PRADESH & TELANGANA,SR
GEN_412049_KONAPGS_220_2,ANDHRA PRADESH & TELANGANA,SR
GEN_412049_KONAPGS_220_3,ANDHRA PRADESH & TELANGANA,SR
GEN_412057_RELIANCE_220_1,ANDHRA PRADESH & TELANGANA,SR
GEN_412057_RELIANCE_220_2,ANDHRA PRADESH & TELANGANA,SR
GEN_412071_GMRBORGE_220_1,ANDHRA PRADESH & TELANGANA,SR
GEN_412072_VSP_220_1,ANDHRA PRADESH & TELANGANA,SR
GEN_412087_UPPRERU_220_1,ANDHRA PRADESH & TELANGANA,SR
GEN_412087_UPPRERU_220_2,ANDHRA PRADESH & TELANGANA,SR
GEN_412087_UPPRERU_220_3,ANDHRA PRADESH & TELANGANA,SR
GEN_412087_UPPRERU_220_4,ANDHRA PRADESH & TELANGANA,SR
GEN_412088_ANRAKU_220_1,ANDHRA PRADESH & TELANGANA,SR
GEN_412091_SRDAL-NEW_220_1,ANDHRA PRADESH & TELANGANA,SR
GEN_412093_SRIBA_220_1,ANDHRA PRADESH & TELANGANA,SR
GEN_412094_SBQ_220_1,ANDHRA PRADESH & TELANGANA,SR
GEN_412095_STEEL_XCHNG_220_1,ANDHRA PRADESH & TELANGANA,SR
GEN_412096_LVS_220_1,ANDHRA PRADESH & TELANGANA,SR
GEN_412097_SRIGIRIJA_220_1,ANDHRA PRADESH & TELANGANA,SR
GEN_412098_SILK-RD-SRS_220_1,ANDHRA PRADESH & TELANGANA,SR
GEN_412099_JP-CEMENTS_220_1,ANDHRA PRADESH & TELANGANA,SR
GEN_414012_SIMHADRI_400_1,ANDHRA PRADESH & TELANGANA,SR
GEN_414012_SIMHADRI_400_2,ANDHRA PRADESH & TELANGANA,SR
GEN_414013_VTS-IV_400_1,ANDHRA PRADESH & TELANGANA,SR
GEN_414015_GMR_400_1,ANDHRA PRADESH & TELANGANA,SR
GEN_414015_GMR_400_2,ANDHRA PRADESH & TELANGANA,SR
GEN_414016_GAUTAMI_400_1,ANDHRA PRADESH & TELANGANA,SR
GEN_414016_GAUTAMI_400_2,ANDHRA PRADESH & TELANGANA,SR
GEN_414016_GAUTAMI_400_3,ANDHRA PRADESH & TELANGANA,SR
GEN_414017_KONSEEMA_400_1,ANDHRA PRADESH & TELANGANA,SR
GEN_414017_KONSEEMA_400_2,ANDHRA PRADESH & TELANGANA,SR
GEN_414017_KONSEEMA_400_3,ANDHRA PRADESH & TELANGANA,SR
GEN_414018_GVK-II_400_1,ANDHRA PRADESH & TELANGANA,SR
GEN_414018_GVK-II_400_2,ANDHRA PRADESH & TELANGANA,SR
GEN_414019_LANCO_400_1,ANDHRA PRADESH & TELANGANA,SR
GEN_414019_LANCO_400_2,ANDHRA PRADESH & TELANGANA,SR
GEN_414020_SMHDRI-2_400_3,ANDHRA PRADESH & TELANGANA,SR
GEN_414020_SMHDRI-2_400_4,ANDHRA PRADESH & TELANGANA,SR
GEN_414022_SMHPURI_400_1,ANDHRA PRADESH & TELANGANA,SR
GEN_414022_SMHPURI_400_2,ANDHRA PRADESH & TELANGANA,SR
GEN_414022_SMHPURI_400_3,ANDHRA PRADESH & TELANGANA,SR
GEN_414022_SMHPURI_400_4,ANDHRA PRADESH & TELANGANA,SR
GEN_414026_MNAKSHI_400_1,ANDHRA PRADESH & TELANGANA,SR
GEN_414026_MNAKSHI_400_2,ANDHRA PRADESH & TELANGANA,SR
GEN_414027_HINDUJA_400_1,ANDHRA PRADESH & TELANGANA,SR
GEN_414030_SDSTPS_400_1,ANDHRA PRADESH & TELANGANA,SR
GEN_414034_THPTECH_400_1,ANDHRA PRADESH & TELANGANA,SR
GEN_421031_KOTAGDEM_132_1,ANDHRA PRADESH & TELANGANA,SR
GEN_421040_NAVBAATH_132_1,ANDHRA PRADESH & TELANGANA,SR
GEN_421047_PCHMPDPH_132_1,ANDHRA PRADESH & TELANGANA,SR
GEN_421047_PCHMPDPH_132_2,ANDHRA PRADESH & TELANGANA,SR
GEN_421047_PCHMPDPH_132_3,ANDHRA PRADESH & TELANGANA,SR
GEN_421047_PCHMPDPH_132_4,ANDHRA PRADESH & TELANGANA,SR
GEN_421055_RAMGUM-B_132_1,ANDHRA PRADESH & TELANGANA,SR
GEN_421074_NSR-LCNL_132_1,ANDHRA PRADESH & TELANGANA,SR
GEN_421074_NSR-LCNL_132_2,ANDHRA PRADESH & TELANGANA,SR
GEN_421079_NIZMSGAR_132_1,ANDHRA PRADESH & TELANGANA,SR
GEN_421079_NIZMSGAR_132_2,ANDHRA PRADESH & TELANGANA,SR
GEN_421120_SINGUR_132_1,ANDHRA PRADESH & TELANGANA,SR
GEN_421120_SINGUR_132_2,ANDHRA PRADESH & TELANGANA,SR
GEN_421178_SEEAPRAM_132_1,ANDHRA PRADESH & TELANGANA,SR
GEN_421184_MADHUCON_132_1,ANDHRA PRADESH & TELANGANA,SR
GEN_421196_KKTYACEM_132_1,ANDHRA PRADESH & TELANGANA,SR
GEN_421199_MYHOMEPOWE_132_1,ANDHRA PRADESH & TELANGANA,SR
GEN_421201_PENNAPOWER_132_1,ANDHRA PRADESH & TELANGANA,SR
GEN_421203_KRSHNV-CEM_132_1,ANDHRA PRADESH & TELANGANA,SR
GEN_422004_HWP_220_1,ANDHRA PRADESH & TELANGANA,SR
GEN_422005_KOTAGDEM_220_10,ANDHRA PRADESH & TELANGANA,SR
GEN_422005_KOTAGDEM_220_2,ANDHRA PRADESH & TELANGANA,SR
GEN_422005_KOTAGDEM_220_3,ANDHRA PRADESH & TELANGANA,SR
GEN_422005_KOTAGDEM_220_4,ANDHRA PRADESH & TELANGANA,SR
GEN_422005_KOTAGDEM_220_5,ANDHRA PRADESH & TELANGANA,SR
GEN_422005_KOTAGDEM_220_6,ANDHRA PRADESH & TELANGANA,SR
GEN_422005_KOTAGDEM_220_7,ANDHRA PRADESH & TELANGANA,SR
GEN_422005_KOTAGDEM_220_8,ANDHRA PRADESH & TELANGANA,SR
GEN_422005_KOTAGDEM_220_9,ANDHRA PRADESH & TELANGANA,SR
GEN_422008_NAGRJGAR_220_1,ANDHRA PRADESH & TELANGANA,SR
GEN_422008_NAGRJGAR_220_2,ANDHRA PRADESH & TELANGANA,SR
GEN_422008_NAGRJGAR_220_3,ANDHRA PRADESH & TELANGANA,SR
GEN_422008_NAGRJGAR_220_4,ANDHRA PRADESH & TELANGANA,SR
GEN_422008_NAGRJGAR_220_5,ANDHRA PRADESH & TELANGANA,SR
GEN_422008_NAGRJGAR_220_6,ANDHRA PRADESH & TELANGANA,SR
GEN_422008_NAGRJGAR_220_7,ANDHRA PRADESH & TELANGANA,SR
GEN_422008_NAGRJGAR_220_8,ANDHRA PRADESH & TELANGANA,SR
GEN_422050_UPR-JRL_220_1,ANDHRA PRADESH & TELANGANA,SR
GEN_422050_UPR-JRL_220_2,ANDHRA PRADESH & TELANGANA,SR
GEN_422050_UPR-JRL_220_3,ANDHRA PRADESH & TELANGANA,SR
GEN_422050_UPR-JRL_220_4,ANDHRA PRADESH & TELANGANA,SR
GEN_422050_UPR-JRL_220_5,ANDHRA PRADESH & TELANGANA,SR
GEN_422050_UPR-JRL_220_6,ANDHRA PRADESH & TELANGANA,SR
GEN_422059_NBEIL_220_1,ANDHRA PRADESH & TELANGANA,SR
GEN_422061_LWR-JRL_220_1,ANDHRA PRADESH & TELANGANA,SR
GEN_422061_LWR-JRL_220_2,ANDHRA PRADESH & TELANGANA,SR
GEN_422061_LWR-JRL_220_3,ANDHRA PRADESH & TELANGANA,SR
GEN_422061_LWR-JRL_220_4,ANDHRA PRADESH & TELANGANA,SR
GEN_422061_LWR-JRL_220_5,ANDHRA PRADESH & TELANGANA,SR
GEN_422061_LWR-JRL_220_6,ANDHRA PRADESH & TELANGANA,SR
GEN_422062_ORIENTCEM_220_1,ANDHRA PRADESH & TELANGANA,SR
GEN_424002_RGM-NTPC_400_1,ANDHRA PRADESH & TELANGANA,SR
GEN_424002_RGM-NTPC_400_2,ANDHRA PRADESH & TELANGANA,SR
GEN_424002_RGM-NTPC_400_3,ANDHRA PRADESH & TELANGANA,SR
GEN_424002_RGM-NTPC_400_4,ANDHRA PRADESH & TELANGANA,SR
GEN_424002_RGM-NTPC_400_5,ANDHRA PRADESH & TELANGANA,SR
GEN_424002_RGM-NTPC_400_6,ANDHRA PRADESH & TELANGANA,SR
GEN_424002_RGM-NTPC_400_7,ANDHRA PRADESH & TELANGANA,SR
GEN_424005_SRLMLB_400_1,ANDHRA PRADESH & TELANGANA,SR
GEN_424005_SRLMLB_400_2,ANDHRA PRADESH & TELANGANA,SR
GEN_424005_SRLMLB_400_3,ANDHRA PRADESH & TELANGANA,SR
GEN_424005_SRLMLB_400_4,ANDHRA PRADESH & TELANGANA,SR
GEN_424005_SRLMLB_400_5,ANDHRA PRADESH & TELANGANA,SR
GEN_424005_SRLMLB_400_6,ANDHRA PRADESH & TELANGANA,SR
GEN_424009_KKTYATPS_400_1,ANDHRA PRADESH & TELANGANA,SR
GEN_424012_KTPS_400_1,ANDHRA PRADESH & TELANGANA,SR
GEN_431068_BPCL_110_1,KARNATAKA,SR
GEN_431084_CORESUG_110_1,KARNATAKA,SR
GEN_431107_GEMSUG_110_1,KARNATAKA,SR
GEN_431113_GMRSUG_110_1,KARNATAKA,SR
GEN_431162_INDSUG_110_1,KARNATAKA,SR
GEN_431164_JMKHNSUG_110_1,KARNATAKA,SR
GEN_431165_JANAKI_110_1,KARNATAKA,SR
GEN_431170_JOGMUSS_110_1,KARNATAKA,SR
GEN_431172_KSUGARS_110_1,KARNATAKA,SR
GEN_431213_KOGANTI_110_1,KARNATAKA,SR
GEN_431214_KONAJE_110_1,KARNATAKA,SR
GEN_431234_LDPH_110_1,KARNATAKA,SR
GEN_431234_LDPH_110_2,KARNATAKA,SR
GEN_431245_MALIPURA_110_1,KARNATAKA,SR
GEN_431263_MGHE_110_1,KARNATAKA,SR
GEN_431263_MGHE_110_2,KARNATAKA,SR
GEN_431263_MGHE_110_3,KARNATAKA,SR
GEN_431263_MGHE_110_4,KARNATAKA,SR
GEN_431263_MGHE_110_5,KARNATAKA,SR
GEN_431263_MGHE_110_6,KARNATAKA,SR
GEN_431263_MGHE_110_7,KARNATAKA,SR
GEN_431263_MGHE_110_8,KARNATAKA,SR
GEN_431264_MGSSK_110_1,KARNATAKA,SR
GEN_431285_MNRBDPH_110_1,KARNATAKA,SR
GEN_431285_MNRBDPH_110_2,KARNATAKA,SR
GEN_431285_MNRBDPH_110_3,KARNATAKA,SR
GEN_431288_NNDISUG_110_1,KARNATAKA,SR
GEN_431303_NPC_110_1,KARNATAKA,SR
GEN_431304_NCLSUGR_110_1,KARNATAKA,SR
GEN_431305_NSSK_110_1,KARNATAKA,SR
GEN_431312_RAJA-CEM_110_1,KARNATAKA,SR
GEN_431323_RNKASUGR_110_1,KARNATAKA,SR
GEN_431324_RNKSUGR2_110_1,KARNATAKA,SR
GEN_431326_ROYALSEMA_110_1,KARNATAKA,SR
GEN_431326_ROYALSEMA_110_2,KARNATAKA,SR
GEN_431326_ROYALSEMA_110_3,KARNATAKA,SR
GEN_431327_SDSHVSUG_110_1,KARNATAKA,SR
GEN_431349_SHTHVANA_110_1,KARNATAKA,SR
GEN_431366_SOHAM_110_1,KARNATAKA,SR
GEN_431367_SOLARIS_110_1,KARNATAKA,SR
GEN_431373_STRMETLC_110_1,KARNATAKA,SR
GEN_431374_SGNANSWR_110_1,KARNATAKA,SR
GEN_431375_SUPA_110_1,KARNATAKA,SR
GEN_431375_SUPA_110_2,KARNATAKA,SR
GEN_431376_SURANIND_110_1,KARNATAKA,SR
GEN_431397_UGARSUGR_110_1,KARNATAKA,SR
GEN_431397_UGARSUGR_110_2,KARNATAKA,SR
GEN_431403_VASCEM_110_1,KARNATAKA,SR
GEN_431408_VSPL_110_1,KARNATAKA,SR
GEN_431440_DOODGNGA_110_1,KARNATAKA,SR
GEN_431442_GDPH_110_1,KARNATAKA,SR
GEN_431442_GDPH_110_2,KARNATAKA,SR
GEN_431450_HEERSUGR_110_1,KARNATAKA,SR
GEN_431456_ICPL_110_1,KARNATAKA,SR
GEN_431483_NRNSUGRS_110_1,KARNATAKA,SR
GEN_431497_SHVSKTH_110_1,KARNATAKA,SR
GEN_431514_VENKTSUGR_110_1,KARNATAKA,SR
GEN_431519_NSLSUGAR_110_1,KARNATAKA,SR
GEN_431535_MANIDAM_110_1,KARNATAKA,SR
GEN_431535_MANIDAM_110_2,KARNATAKA,SR
GEN_431541_KNNL_110_1,KARNATAKA,SR
GEN_431551_TATA_110_1,KARNATAKA,SR
GEN_431551_TATA_110_2,KARNATAKA,SR
GEN_431551_TATA_110_3,KARNATAKA,SR
GEN_431551_TATA_110_4,KARNATAKA,SR
GEN_431551_TATA_110_5,KARNATAKA,SR
GEN_431554_PRBLGSWR_110_1,KARNATAKA,SR
GEN_431556_VSWNTSGR_110_1,KARNATAKA,SR
GEN_431562_SNDRPWR_110_1,KARNATAKA,SR
GEN_432007_ALMATTI_220_1,KARNATAKA,SR
GEN_432007_ALMATTI_220_2,KARNATAKA,SR
GEN_432007_ALMATTI_220_3,KARNATAKA,SR
GEN_432007_ALMATTI_220_4,KARNATAKA,SR
GEN_432007_ALMATTI_220_5,KARNATAKA,SR
GEN_432007_ALMATTI_220_6,KARNATAKA,SR
GEN_432017_BMMISPAT_220_1,KARNATAKA,SR
GEN_432042_JINDAL2_220_1,KARNATAKA,SR
GEN_432042_JINDAL2_220_2,KARNATAKA,SR
GEN_432043_KADRA_220_1,KARNATAKA,SR
GEN_432043_KADRA_220_2,KARNATAKA,SR
GEN_432043_KADRA_220_3,KARNATAKA,SR
GEN_432049_KODSALLI_220_1,KARNATAKA,SR
GEN_432049_KODSALLI_220_2,KARNATAKA,SR
GEN_432049_KODSALLI_220_3,KARNATAKA,SR
GEN_432062_NAGJARI_220_1,KARNATAKA,SR
GEN_432062_NAGJARI_220_2,KARNATAKA,SR
GEN_432062_NAGJARI_220_3,KARNATAKA,SR
GEN_432062_NAGJARI_220_4,KARNATAKA,SR
GEN_432062_NAGJARI_220_5,KARNATAKA,SR
GEN_432062_NAGJARI_220_6,KARNATAKA,SR
GEN_432071_RTPS_220_1,KARNATAKA,SR
GEN_432071_RTPS_220_2,KARNATAKA,SR
GEN_432071_RTPS_220_3,KARNATAKA,SR
GEN_432081_SVG_220_1,KARNATAKA,SR
GEN_432081_SVG_220_10,KARNATAKA,SR
GEN_432081_SVG_220_2,KARNATAKA,SR
GEN_432081_SVG_220_3,KARNATAKA,SR
GEN_432081_SVG_220_4,KARNATAKA,SR
GEN_432081_SVG_220_5,KARNATAKA,SR
GEN_432081_SVG_220_6,KARNATAKA,SR
GEN_432081_SVG_220_7,KARNATAKA,SR
GEN_432081_SVG_220_8,KARNATAKA,SR
GEN_432081_SVG_220_9,KARNATAKA,SR
GEN_432082_SVTR_220_1,KARNATAKA,SR
GEN_432082_SVTR_220_2,KARNATAKA,SR
GEN_432082_SVTR_220_3,KARNATAKA,SR
GEN_432082_SVTR_220_4,KARNATAKA,SR
GEN_432090_VARAHI_220_1,KARNATAKA,SR
GEN_432090_VARAHI_220_2,KARNATAKA,SR
GEN_432090_VARAHI_220_3,KARNATAKA,SR
GEN_432090_VARAHI_220_4,KARNATAKA,SR
GEN_432107_KAIGA_220_1,KARNATAKA,SR
GEN_432107_KAIGA_220_2,KARNATAKA,SR
GEN_432125_SIVA_220_1,KARNATAKA,SR
GEN_432126_YLNKA_220_1,KARNATAKA,SR
GEN_432131_SIMSHA_220_2,KARNATAKA,SR
GEN_434006_RCHR-TPS_400_4,KARNATAKA,SR
GEN_434006_RCHR-TPS_400_5,KARNATAKA,SR
GEN_434006_RCHR-TPS_400_6,KARNATAKA,SR
GEN_434006_RCHR-TPS_400_7,KARNATAKA,SR
GEN_434006_RCHR-TPS_400_8,KARNATAKA,SR
GEN_434011_BTPS_400_1,KARNATAKA,SR
GEN_434011_BTPS_400_2,KARNATAKA,SR
GEN_434014_JINDAL_400_1,KARNATAKA,SR
GEN_434014_JINDAL_400_2,KARNATAKA,SR
GEN_434014_JINDAL_400_3,KARNATAKA,SR
GEN_434014_JINDAL_400_4,KARNATAKA,SR
GEN_434015_KAIGA_400_3,KARNATAKA,SR
GEN_434015_KAIGA_400_4,KARNATAKA,SR
GEN_434021_UPCL_400_1,KARNATAKA,SR
GEN_434021_UPCL_400_2,KARNATAKA,SR
GEN_441025_MALCO1_110_1,TAMIL NADU,SR
GEN_441057_LNCO_TAJ_110_1,TAMIL NADU,SR
GEN_441057_LNCO_TAJ_110_2,TAMIL NADU,SR
GEN_441058_ALIYAR1_110_1,TAMIL NADU,SR
GEN_441059_PINR_EL1_110_1,TAMIL NADU,SR
GEN_441060_PINR_EL2_110_1,TAMIL NADU,SR
GEN_441061_ARORAN1_110_1,TAMIL NADU,SR
GEN_441062_ARUNAC1_110_1,TAMIL NADU,SR
GEN_441063_AURO1_110_1,TAMIL NADU,SR
GEN_441064_AURBIN1_110_1,TAMIL NADU,SR
GEN_441065_BANARA1_110_1,TAMIL NADU,SR
GEN_441066_BKB1_110_1,TAMIL NADU,SR
GEN_441066_BKB1_110_2,TAMIL NADU,SR
GEN_441067_BSMHP1_110_1,TAMIL NADU,SR
GEN_441067_BSMHP1_110_2,TAMIL NADU,SR
GEN_441067_BSMHP1_110_3,TAMIL NADU,SR
GEN_441067_BSMHP1_110_4,TAMIL NADU,SR
GEN_441068_CHETCE1_110_1,TAMIL NADU,SR
GEN_441069_CHETNADG_110_1,TAMIL NADU,SR
GEN_441070_COROMN1_110_1,TAMIL NADU,SR
GEN_441071_DANALKM1_110_1,TAMIL NADU,SR
GEN_441072_DHARAN1_110_1,TAMIL NADU,SR
GEN_441073_EIDPAR1_110_1,TAMIL NADU,SR
GEN_441074_EIDPUDK_110_1,TAMIL NADU,SR
GEN_441075_EIDPUGL_110_1,TAMIL NADU,SR
GEN_441076_EMPEE1_110_1,TAMIL NADU,SR
GEN_441077_EMPESUG1_110_1,TAMIL NADU,SR
GEN_441078_HITECH1_110_1,TAMIL NADU,SR
GEN_441079_INDBAR1_110_1,TAMIL NADU,SR
GEN_441080_INDCEME1_110_1,TAMIL NADU,SR
GEN_441081_KKGTP_110_1,TAMIL NADU,SR
GEN_441081_KKGTP_110_2,TAMIL NADU,SR
GEN_441082_KODYR1_110_1,TAMIL NADU,SR
GEN_441083_KODYR21_110_2,TAMIL NADU,SR
GEN_441084_KOTHAR1_110_1,TAMIL NADU,SR
GEN_441085_KOTHAR21_110_2,TAMIL NADU,SR
GEN_441086_KUNDA1_110_1,TAMIL NADU,SR
GEN_441086_KUNDA1_110_2,TAMIL NADU,SR
GEN_441086_KUNDA1_110_3,TAMIL NADU,SR
GEN_441087_KUNDA21_110_1,TAMIL NADU,SR
GEN_441087_KUNDA21_110_2,TAMIL NADU,SR
GEN_441087_KUNDA21_110_3,TAMIL NADU,SR
GEN_441087_KUNDA21_110_4,TAMIL NADU,SR
GEN_441087_KUNDA21_110_5,TAMIL NADU,SR
GEN_441088_KUND51_110_1,TAMIL NADU,SR
GEN_441088_KUND51_110_2,TAMIL NADU,SR
GEN_441089_LBRCAN1_110_1,TAMIL NADU,SR
GEN_441089_LBRCAN1_110_2,TAMIL NADU,SR
GEN_441090_LOMPH11_110_1,TAMIL NADU,SR
GEN_441090_LOMPH11_110_2,TAMIL NADU,SR
GEN_441091_LOMPH21_110_1,TAMIL NADU,SR
GEN_441091_LOMPH21_110_2,TAMIL NADU,SR
GEN_441092_LOMPH31_110_1,TAMIL NADU,SR
GEN_441092_LOMPH31_110_2,TAMIL NADU,SR
GEN_441093_LOMPH41_110_1,TAMIL NADU,SR
GEN_441093_LOMPH41_110_2,TAMIL NADU,SR
GEN_441094_MCL1_110_1,TAMIL NADU,SR
GEN_441095_METRD1_110_1,TAMIL NADU,SR
GEN_441095_METRD1_110_2,TAMIL NADU,SR
GEN_441095_METRD1_110_3,TAMIL NADU,SR
GEN_441095_METRD1_110_4,TAMIL NADU,SR
GEN_441096_MOYAR1_110_1,TAMIL NADU,SR
GEN_441096_MOYAR1_110_2,TAMIL NADU,SR
GEN_441096_MOYAR1_110_3,TAMIL NADU,SR
GEN_441097_NLCTS11_110_1,TAMIL NADU,SR
GEN_441097_NLCTS11_110_2,TAMIL NADU,SR
GEN_441097_NLCTS11_110_3,TAMIL NADU,SR
GEN_441097_NLCTS11_110_4,TAMIL NADU,SR
GEN_441097_NLCTS11_110_5,TAMIL NADU,SR
GEN_441097_NLCTS11_110_6,TAMIL NADU,SR
GEN_441098_OPG1_110_1,TAMIL NADU,SR
GEN_441099_PPNSM1_110_1,TAMIL NADU,SR
GEN_441099_PPNSM1_110_2,TAMIL NADU,SR
GEN_441099_PPNSM1_110_3,TAMIL NADU,SR
GEN_441099_PPNSM1_110_4,TAMIL NADU,SR
GEN_441100_PARSON1_110_1,TAMIL NADU,SR
GEN_441101_PERYR1_110_1,TAMIL NADU,SR
GEN_441101_PERYR1_110_2,TAMIL NADU,SR
GEN_441101_PERYR1_110_3,TAMIL NADU,SR
GEN_441101_PERYR1_110_4,TAMIL NADU,SR
GEN_441102_PRATHYU1_110_1,TAMIL NADU,SR
GEN_441103_PYKR1_110_1,TAMIL NADU,SR
GEN_441103_PYKR1_110_2,TAMIL NADU,SR
GEN_441103_PYKR1_110_3,TAMIL NADU,SR
GEN_441103_PYKR1_110_4,TAMIL NADU,SR
GEN_441103_PYKR1_110_5,TAMIL NADU,SR
GEN_441103_PYKR1_110_6,TAMIL NADU,SR
GEN_441103_PYKR1_110_7,TAMIL NADU,SR
GEN_441104_RAJSRE11_110_1,TAMIL NADU,SR
GEN_441105_RAJSRE21_110_1,TAMIL NADU,SR
GEN_441106_SAHELI1_110_1,TAMIL NADU,SR
GEN_441107_SAKTHI11_110_1,TAMIL NADU,SR
GEN_441108_SAKTHI21_110_1,TAMIL NADU,SR
GEN_441109_SAMLPATI_110_1,TAMIL NADU,SR
GEN_441109_SAMLPATI_110_2,TAMIL NADU,SR
GEN_441109_SAMLPATI_110_3,TAMIL NADU,SR
GEN_441109_SAMLPATI_110_4,TAMIL NADU,SR
GEN_441109_SAMLPATI_110_5,TAMIL NADU,SR
GEN_441109_SAMLPATI_110_6,TAMIL NADU,SR
GEN_441109_SAMLPATI_110_7,TAMIL NADU,SR
GEN_441110_MPCL_110_1,TAMIL NADU,SR
GEN_441110_MPCL_110_2,TAMIL NADU,SR
GEN_441110_MPCL_110_3,TAMIL NADU,SR
GEN_441110_MPCL_110_4,TAMIL NADU,SR
GEN_441110_MPCL_110_5,TAMIL NADU,SR
GEN_441110_MPCL_110_6,TAMIL NADU,SR
GEN_441110_MPCL_110_7,TAMIL NADU,SR
GEN_441111_SERVALR1_110_1,TAMIL NADU,SR
GEN_441112_SHARKA1_110_1,TAMIL NADU,SR
GEN_441113_SHOYAR11_110_1,TAMIL NADU,SR
GEN_441113_SHOYAR11_110_2,TAMIL NADU,SR
GEN_441114_SHOYAR21_110_1,TAMIL NADU,SR
GEN_441115_SUPRM1_110_1,TAMIL NADU,SR
GEN_441115_SUPRM1_110_2,TAMIL NADU,SR
GEN_441116_SURLR1_110_1,TAMIL NADU,SR
GEN_441117_SVSUGAR1_110_1,TAMIL NADU,SR
GEN_441118_TCPL1_110_1,TAMIL NADU,SR
GEN_441119_TNPL1_110_1,TAMIL NADU,SR
GEN_441120_VGTPP1_110_1,TAMIL NADU,SR
GEN_441120_VGTPP1_110_2,TAMIL NADU,SR
GEN_441120_VGTPP1_110_3,TAMIL NADU,SR
GEN_441120_VGTPP1_110_4,TAMIL NADU,SR
GEN_441125_CPCL1_110_1,TAMIL NADU,SR
GEN_441126_JSWL_110_1,TAMIL NADU,SR
GEN_441127_MMSTEEL_110_1,TAMIL NADU,SR
GEN_441128_KAVERI_110_1,TAMIL NADU,SR
GEN_441129_SAIGENCY_110_1,TAMIL NADU,SR
GEN_441130_DCWCORIN_110_1,TAMIL NADU,SR
GEN_441131_DARI-VPM_110_1,TAMIL NADU,SR
GEN_441134_DALMIA_110_1,TAMIL NADU,SR
GEN_441136_DARAOLUR_110_1,TAMIL NADU,SR
GEN_441161_BBGTPP1_110_1,TAMIL NADU,SR
GEN_441161_BBGTPP1_110_2,TAMIL NADU,SR
GEN_441161_BBGTPP1_110_3,TAMIL NADU,SR
GEN_441161_BBGTPP1_110_4,TAMIL NADU,SR
GEN_441164_ETPS1_110_1,TAMIL NADU,SR
GEN_441164_ETPS1_110_2,TAMIL NADU,SR
GEN_441181_KUTGTP_110_1,TAMIL NADU,SR
GEN_441181_KUTGTP_110_2,TAMIL NADU,SR
GEN_441220_KZTR_110_1,TAMIL NADU,SR
GEN_441221_ARKAY1_110_1,TAMIL NADU,SR
GEN_441221_ARKAY1_110_2,TAMIL NADU,SR
GEN_441222_TULYSAN1_110_1,TAMIL NADU,SR
GEN_442021_ETPS2_230_1,TAMIL NADU,SR
GEN_442021_ETPS2_230_2,TAMIL NADU,SR
GEN_442021_ETPS2_230_3,TAMIL NADU,SR
GEN_442028_KADMPRI2_230_1,TAMIL NADU,SR
GEN_442028_KADMPRI2_230_2,TAMIL NADU,SR
GEN_442028_KADMPRI2_230_3,TAMIL NADU,SR
GEN_442028_KADMPRI2_230_4,TAMIL NADU,SR
GEN_442030_INDARCPP_230_1,TAMIL NADU,SR
GEN_442030_INDARCPP_230_2,TAMIL NADU,SR
GEN_442030_INDARCPP_230_3,TAMIL NADU,SR
GEN_442040_KUNDAH32_230_1,TAMIL NADU,SR
GEN_442040_KUNDAH32_230_2,TAMIL NADU,SR
GEN_442040_KUNDAH32_230_3,TAMIL NADU,SR
GEN_442041_KUNDAH42_230_1,TAMIL NADU,SR
GEN_442041_KUNDAH42_230_2,TAMIL NADU,SR
GEN_442044_MAPS2_230_1,TAMIL NADU,SR
GEN_442044_MAPS2_230_2,TAMIL NADU,SR
GEN_442047_MTPS2_230_1,TAMIL NADU,SR
GEN_442047_MTPS2_230_2,TAMIL NADU,SR
GEN_442047_MTPS2_230_3,TAMIL NADU,SR
GEN_442047_MTPS2_230_4,TAMIL NADU,SR
GEN_442048_MTRPH_230_1,TAMIL NADU,SR
GEN_442048_MTRPH_230_2,TAMIL NADU,SR
GEN_442048_MTRPH_230_3,TAMIL NADU,SR
GEN_442048_MTRPH_230_4,TAMIL NADU,SR
GEN_442051_STCMS_230_1,TAMIL NADU,SR
GEN_442052_NLCTS12_230_7,TAMIL NADU,SR
GEN_442052_NLCTS12_230_8,TAMIL NADU,SR
GEN_442052_NLCTS12_230_9,TAMIL NADU,SR
GEN_442053_NLC22_230_1,TAMIL NADU,SR
GEN_442053_NLC22_230_2,TAMIL NADU,SR
GEN_442053_NLC22_230_3,TAMIL NADU,SR
GEN_442054_NCTPS-I_230_1,TAMIL NADU,SR
GEN_442054_NCTPS-I_230_2,TAMIL NADU,SR
GEN_442054_NCTPS-I_230_3,TAMIL NADU,SR
GEN_442062_PPNALUR2_230_1,TAMIL NADU,SR
GEN_442067_PUSHEP2_230_1,TAMIL NADU,SR
GEN_442067_PUSHEP2_230_2,TAMIL NADU,SR
GEN_442067_PUSHEP2_230_3,TAMIL NADU,SR
GEN_442087_TTPS2_230_1,TAMIL NADU,SR
GEN_442087_TTPS2_230_2,TAMIL NADU,SR
GEN_442087_TTPS2_230_3,TAMIL NADU,SR
GEN_442087_TTPS2_230_4,TAMIL NADU,SR
GEN_442087_TTPS2_230_5,TAMIL NADU,SR
GEN_442109_SDEV_230_1,TAMIL NADU,SR
GEN_442109_SDEV_230_2,TAMIL NADU,SR
GEN_442110_OPG_ALM_230_1,TAMIL NADU,SR
GEN_442120_KAMACHI_230_1,TAMIL NADU,SR
GEN_442121_KAVERI_230_1,TAMIL NADU,SR
GEN_442122_ARS_230_1,TAMIL NADU,SR
GEN_442124_STERLITE2_230_1,TAMIL NADU,SR
GEN_442124_STERLITE2_230_2,TAMIL NADU,SR
GEN_442125_IBPTL2_230_1,TAMIL NADU,SR
GEN_442125_IBPTL2_230_2,TAMIL NADU,SR
GEN_444013_NLC1EXP_400_1,TAMIL NADU,SR
GEN_444013_NLC1EXP_400_2,TAMIL NADU,SR
GEN_444014_NLC2_400_4,TAMIL NADU,SR
GEN_444014_NLC2_400_5,TAMIL NADU,SR
GEN_444014_NLC2_400_6,TAMIL NADU,SR
GEN_444014_NLC2_400_7,TAMIL NADU,SR
GEN_444016_NLC2EXP_400_1,TAMIL NADU,SR
GEN_444016_NLC2EXP_400_2,TAMIL NADU,SR
GEN_444017_KKNPP_400_1,TAMIL NADU,SR
GEN_444017_KKNPP_400_2,TAMIL NADU,SR
GEN_444019_VALLUR_400_1,TAMIL NADU,SR
GEN_444019_VALLUR_400_2,TAMIL NADU,SR
GEN_444019_VALLUR_400_3,TAMIL NADU,SR
GEN_444020_METR-III_400_1,TAMIL NADU,SR
GEN_444022_NCTPS-II_400_1,TAMIL NADU,SR
GEN_444022_NCTPS-II_400_2,TAMIL NADU,SR
GEN_444023_CENERGY_400_1,TAMIL NADU,SR
GEN_444032_ILFS_400_1,TAMIL NADU,SR
GEN_444032_ILFS_400_2,TAMIL NADU,SR
GEN_450047_KLDA66_66_1,KERALA,SR
GEN_450047_KLDA66_66_2,KERALA,SR
GEN_450077_MLNK66_66_1,KERALA,SR
GEN_450077_MLNK66_66_2,KERALA,SR
GEN_450077_MLNK66_66_3,KERALA,SR
GEN_450120_PVSL66_66_1,KERALA,SR
GEN_450120_PVSL66_66_2,KERALA,SR
GEN_450120_PVSL66_66_3,KERALA,SR
GEN_450120_PVSL66_66_4,KERALA,SR
GEN_450120_PVSL66_66_5,KERALA,SR
GEN_450120_PVSL66_66_6,KERALA,SR
GEN_451015_BDPP_110_1,KERALA,SR
GEN_451015_BDPP_110_2,KERALA,SR
GEN_451015_BDPP_110_3,KERALA,SR
GEN_451015_BDPP_110_4,KERALA,SR
GEN_451015_BDPP_110_5,KERALA,SR
GEN_451017_BSES1_110_1,KERALA,SR
GEN_451017_BSES1_110_2,KERALA,SR
GEN_451017_BSES1_110_3,KERALA,SR
GEN_451017_BSES1_110_4,KERALA,SR
GEN_451053_IMLR1_110_1,KERALA,SR
GEN_451053_IMLR1_110_2,KERALA,SR
GEN_451055_KAKD1_110_1,KERALA,SR
GEN_451055_KAKD1_110_2,KERALA,SR
GEN_451072_KUTTYDI_110_1,KERALA,SR
GEN_451072_KUTTYDI_110_2,KERALA,SR
GEN_451072_KUTTYDI_110_3,KERALA,SR
GEN_451072_KUTTYDI_110_4,KERALA,SR
GEN_451072_KUTTYDI_110_5,KERALA,SR
GEN_451072_KUTTYDI_110_6,KERALA,SR
GEN_451085_KUGL1_110_1,KERALA,SR
GEN_451085_KUGL1_110_2,KERALA,SR
GEN_451085_KUGL1_110_3,KERALA,SR
GEN_451105_MNYR_110_1,KERALA,SR
GEN_451105_MNYR_110_2,KERALA,SR
GEN_451105_MNYR_110_3,KERALA,SR
GEN_451115_KPCL_110_1,KERALA,SR
GEN_451115_KPCL_110_2,KERALA,SR
GEN_451115_KPCL_110_3,KERALA,SR
GEN_451119_NEMG1_110_1,KERALA,SR
GEN_451119_NEMG1_110_2,KERALA,SR
GEN_451119_NEMG1_110_3,KERALA,SR
GEN_451119_NEMG1_110_4,KERALA,SR
GEN_451120_KDPP_110_1,KERALA,SR
GEN_451120_KDPP_110_2,KERALA,SR
GEN_451120_KDPP_110_3,KERALA,SR
GEN_451120_KDPP_110_4,KERALA,SR
GEN_451120_KDPP_110_5,KERALA,SR
GEN_451120_KDPP_110_6,KERALA,SR
GEN_451120_KDPP_110_7,KERALA,SR
GEN_451120_KDPP_110_8,KERALA,SR
GEN_451142_PNNR1_110_1,KERALA,SR
GEN_451142_PNNR1_110_2,KERALA,SR
GEN_451146_PRGL1_110_1,KERALA,SR
GEN_451146_PRGL1_110_2,KERALA,SR
GEN_451146_PRGL1_110_3,KERALA,SR
GEN_451146_PRGL1_110_4,KERALA,SR
GEN_451146_PRGL1_110_5,KERALA,SR
GEN_451157_SGLM1_110_1,KERALA,SR
GEN_451157_SGLM1_110_2,KERALA,SR
GEN_451157_SGLM1_110_3,KERALA,SR
GEN_451157_SGLM1_110_4,KERALA,SR
GEN_451159_SHYR1_110_1,KERALA,SR
GEN_451159_SHYR1_110_2,KERALA,SR
GEN_451159_SHYR1_110_3,KERALA,SR
GEN_452002_IDUKKI2_220_1,KERALA,SR
GEN_452002_IDUKKI2_220_2,KERALA,SR
GEN_452002_IDUKKI2_220_3,KERALA,SR
GEN_452002_IDUKKI2_220_4,KERALA,SR
GEN_452002_IDUKKI2_220_5,KERALA,SR
GEN_452002_IDUKKI2_220_6,KERALA,SR
GEN_452003_SABRGRI_220_1,KERALA,SR
GEN_452003_SABRGRI_220_2,KERALA,SR
GEN_452003_SABRGRI_220_3,KERALA,SR
GEN_452003_SABRGRI_220_4,KERALA,SR
GEN_452003_SABRGRI_220_5,KERALA,SR
GEN_452003_SABRGRI_220_6,KERALA,SR
GEN_452010_KAYMKLM_220_1,KERALA,SR
GEN_452010_KAYMKLM_220_2,KERALA,SR
GEN_452010_KAYMKLM_220_3,KERALA,SR
GEN_452012_LOPERIAR_220_1,KERALA,SR
GEN_452012_LOPERIAR_220_2,KERALA,SR
GEN_452012_LOPERIAR_220_3,KERALA,SR
GEN_452031_THOTIAR_220_1,KERALA,SR
GEN_452032_MNKLM_220_1,KERALA,SR
GEN_511005_RNGNDI1_132_1,ARUNACHAL PRADESH,NER
GEN_511005_RNGNDI1_132_2,ARUNACHAL PRADESH,NER
GEN_511005_RNGNDI1_132_3,ARUNACHAL PRADESH,NER
GEN_521041_PALAPOL1_132_1,ASSAM,NER
GEN_521041_PALAPOL1_132_2,ASSAM,NER
GEN_521042_DULLVCH1_132_1,ASSAM,NER
GEN_521042_DULLVCH1_132_2,ASSAM,NER
GEN_521043_KHANDNG1_132_1,ASSAM,NER
GEN_521043_KHANDNG1_132_2,ASSAM,NER
GEN_521043_KHANDNG1_132_3,ASSAM,NER
GEN_521058_LTPS1_132_1,ASSAM,NER
GEN_521058_LTPS1_132_2,ASSAM,NER
GEN_521058_LTPS1_132_3,ASSAM,NER
GEN_521058_LTPS1_132_5,ASSAM,NER
GEN_521058_LTPS1_132_6,ASSAM,NER
GEN_521058_LTPS1_132_7,ASSAM,NER
GEN_521058_LTPS1_132_8,ASSAM,NER
GEN_521059_NTPS1_132_1,ASSAM,NER
GEN_521059_NTPS1_132_2,ASSAM,NER
GEN_521059_NTPS1_132_3,ASSAM,NER
GEN_521059_NTPS1_132_4,ASSAM,NER
GEN_521059_NTPS1_132_5,ASSAM,NER
GEN_521059_NTPS1_132_6,ASSAM,NER
GEN_522010_LANGPI1_220_1,ASSAM,NER
GEN_522010_LANGPI1_220_2,ASSAM,NER
GEN_522013_KOPILI2_220_1,ASSAM,NER
GEN_522013_KOPILI2_220_2,ASSAM,NER
GEN_522013_KOPILI2_220_3,ASSAM,NER
GEN_522014_AGBPP2_220_1,ASSAM,NER
GEN_522014_AGBPP2_220_2,ASSAM,NER
GEN_522014_AGBPP2_220_3,ASSAM,NER
GEN_522014_AGBPP2_220_4,ASSAM,NER
GEN_522014_AGBPP2_220_5,ASSAM,NER
GEN_522014_AGBPP2_220_6,ASSAM,NER
GEN_522014_AGBPP2_220_7,ASSAM,NER
GEN_522014_AGBPP2_220_8,ASSAM,NER
GEN_522014_AGBPP2_220_9,ASSAM,NER
GEN_524002_BTPS-NT4_400_1,ASSAM,NER
GEN_524002_BTPS-NT4_400_2,ASSAM,NER
GEN_531001_LOKTAK1_132_1,MANIPUR,NER
GEN_531001_LOKTAK1_132_2,MANIPUR,NER
GEN_531001_LOKTAK1_132_3,MANIPUR,NER
GEN_541012_UMTRU1_132_1,MEGHALAYA,NER
GEN_541012_UMTRU1_132_2,MEGHALAYA,NER
GEN_541012_UMTRU1_132_3,MEGHALAYA,NER
GEN_541012_UMTRU1_132_4,MEGHALAYA,NER
GEN_541013_UMIAM1-1_132_1,MEGHALAYA,NER
GEN_541013_UMIAM1-1_132_2,MEGHALAYA,NER
GEN_541013_UMIAM1-1_132_3,MEGHALAYA,NER
GEN_541013_UMIAM1-1_132_4,MEGHALAYA,NER
GEN_541014_UMIAM2-1_132_1,MEGHALAYA,NER
GEN_541014_UMIAM2-1_132_2,MEGHALAYA,NER
GEN_541015_UMIAM3-1_132_1,MEGHALAYA,NER
GEN_541015_UMIAM3-1_132_2,MEGHALAYA,NER
GEN_541016_UMIAM4-1_132_1,MEGHALAYA,NER
GEN_541016_UMIAM4-1_132_2,MEGHALAYA,NER
GEN_541027_ADHUNIK1_132_1,MEGHALAYA,NER
GEN_541031_LESHKA1_132_1,MEGHALAYA,NER
GEN_541031_LESHKA1_132_2,MEGHALAYA,NER
GEN_541032_LESKHASPLT_132_3,MEGHALAYA,NER
GEN_551005_KOLASIB1_132_1,MIZORAM,NER
GEN_551005_KOLASIB1_132_2,MIZORAM,NER
GEN_551008_BAIRABI1_132_1,MIZORAM,NER
GEN_561002_DOYANG1_132_1,NAGALAND,NER
GEN_561002_DOYANG1_132_2,NAGALAND,NER
GEN_561002_DOYANG1_132_3,NAGALAND,NER
GEN_561009_LIKIMRO1_66_1,NAGALAND,NER
GEN_561009_LIKIMRO1_66_2,NAGALAND,NER
GEN_561009_LIKIMRO1_66_3,NAGALAND,NER
GEN_570003_GUMTI6_66_1,TRIPURA,NER
GEN_570003_GUMTI6_66_2,TRIPURA,NER
GEN_570003_GUMTI6_66_3,TRIPURA,NER
GEN_570012_ROKHIA6_66_1,TRIPURA,NER
GEN_570012_ROKHIA6_66_2,TRIPURA,NER
GEN_570012_ROKHIA6_66_3,TRIPURA,NER
GEN_570013_BARAMRA6_66_1,TRIPURA,NER
GEN_570013_BARAMRA6_66_2,TRIPURA,NER
GEN_571002_MONARCHK1_132_GT,TRIPURA,NER
GEN_571004_AGTPP1_132_G1,TRIPURA,NER
GEN_571004_AGTPP1_132_G2,TRIPURA,NER
GEN_571004_AGTPP1_132_G3,TRIPURA,NER
GEN_571004_AGTPP1_132_G4,TRIPURA,NER
GEN_571004_AGTPP1_132_S1,TRIPURA,NER
GEN_571004_AGTPP1_132_S2,TRIPURA,NER
GEN_571006_ROKHIA1_132_1,TRIPURA,NER
GEN_571006_ROKHIA1_132_2,TRIPURA,NER
GEN_571006_ROKHIA1_132_3,TRIPURA,NER
GEN_571009_BARMURA1_132_1,TRIPURA,NER
GEN_571009_BARMURA1_132_2,TRIPURA,NER
GEN_574001_PALATAN4_400_G1,TRIPURA,NER
GEN_574001_PALATAN4_400_G2,TRIPURA,NER
GEN_574001_PALATAN4_400_S1,TRIPURA,NER
GEN_574001_PALATAN4_400_S2,TRIPURA,NER
GEN_581004_KURICHU1_132_1,BHUTAN-NER,BHUTAN
GEN_581004_KURICHU1_132_2,BHUTAN-NER,BHUTAN
GEN_581004_KURICHU1_132_3,BHUTAN-NER,BHUTAN
GEN_581004_KURICHU1_132_4,BHUTAN-NER,BHUTAN
GEN_581008_KURICHU_132_1,BHUTAN-NER,BHUTAN
GEN_581008_KURICHU_132_2,BHUTAN-NER,BHUTAN
GEN_581008_KURICHU_132_3,BHUTAN-NER,BHUTAN
GEN_581008_KURICHU_132_4,BHUTAN-NER,BHUTAN
GEN_RE_Gujarat_Solar_2014_1,GUJARAT,WR
GEN_RE_Gujarat_Wind_2014_1,GUJARAT,WR
GEN_RE_Karnataka_Wind_2014_1,KARNATAKA,SR
GEN_RE_Maharashtra_Wind_2014_1,MAHARASHTRA,WR
GEN_RE_Rajasthan_Wind_2014_1,RAJASTHAN,NR
GEN_RE_TamilNadu_Wind_2014_1,TAMIL NADU,SR
